VALE5.SA,PETR4.SA,ITUB4.SA,BBDC4.SA,OGXP3.SA,BBAS3.SA,B3SA3.SA,PETR3.SA,ITSA4.SA,VALE3.SA,PDGR3.SA,GGBR4.SA,USIM5.SA,CSNA3.SA,CMIG4.SA,ABEV3.SA,BRML3.SA,GFSA3.SA,CIEL3.SA,CCRO3.SA,OIBR4.SA,MRVE3.SA,HYPE3.SA,BRFS3.SA,CYRE3.SA,TIMS3.SA,NATU3.SA,SANB11.SA,HGTX3.SA,RSID3.SA,LREN3.SA,JBSS3.SA,VIVT4.SA,BBDC3.SA,LAME4.SA,SUZB5.SA,SBSP3.SA,GOLL4.SA,BRPR3.SA,CTIP3.SA,PCAR4.SA,UGPA3.SA,CSAN3.SA,FIBR3.SA,ELET6.SA,KLBN4.SA,ELET3.SA,BRKM5.SA,EMBR3.SA,BRAP4.SA,ENBR3.SA,ALLL3.SA,ELPL4.SA,MRFG3.SA,CRUZ3.SA,RENT3.SA,DASA3.SA,COGN3.SA,DXCO3.SA,AEDU3.SA,PRML3.SA,BISA3.SA,GOAU4.SA,CESP6.SA,MMXM3.SA,CPFE3.SA,CPLE6.SA,LIGT3.SA,OIBR3.SA,AMER3.SA,TRPL4.SA,TESA3.SA,USIM3.SA,^BVSP
35.2400016784668,,,,599.0,,,,,,,,,,,,,,,,,,,,,,,,,,,,,,,,,,,,,,,18.6299991607666,,,,,,,,,19.799999237060547,,,,,,,,28.55717658996582,,,,,,,,,,,,,
35.150001525878906,,,,580.0,,,,,,,,,,,,,,,,,,,,,,,,,,,,,,,,,,,,,,,18.649999618530273,,,,,,,,,19.440000534057617,,,,,,,,27.774789810180664,,,,,,,,,,,,,
34.689998626708984,,,,586.0,,,,,,,,,,,,,,,,,,,,,,,,,,,,,,,,,,,,,,,18.200000762939453,,,,,,,,,19.1200008392334,,,,,,,,27.285795211791992,,,,,,,,,,,,,
35.02000045776367,,,,576.0,,,,,,,,,,,,,,,,,,,,,,,,,,,,,,,,,,,,,,,18.270000457763672,,,,,,,,,18.450000762939453,,,,,,,,27.676990509033203,,,,,,,,,,,,,
34.97999954223633,,,,555.0,,,,,,,,,,,,,,,,,,,,,,,,,,,,,,,,,,,,,,,18.350000381469727,,,,,,,,,18.389999389648438,,,,,,,,26.503408432006836,,,,,,,,,,,,,
36.0099983215332,,,,575.0,,,,,,,,,,,,,,,,,,,,,,,,,,,,,,,,,,,,,,,18.600000381469727,,,,,,,,,18.610000610351562,,,,,,,,27.676990509033203,,,,,,,,,,,,,
36.279998779296875,,,,576.0,,,,,,,,,,,,,,,,,,,,,,,,,,,,,,,,,,,,,,,18.479999542236328,,,,,,,,,18.309999465942383,,,,,,,,27.285795211791992,,,,,,,,,,,,,
35.849998474121094,,,,559.0,,,,,,,,,,,,,,,,,,,,,,,,,,,,,,,,,,,,,,,18.75,,,,,,,,,18.020000457763672,,,,,,,,26.699005126953125,,,,,,,,,,,,,
36.20000076293945,,,,566.0,,,,,,,,,,,,,,,,,,,,,,,,,,,,,,,,,,,,,,,18.989999771118164,,,,,,,,,18.149999618530273,,,,,,,,26.307811737060547,,,,,,,,,,,,,
36.20000076293945,,,,566.0,,,,,,,,,,,,,,,,,,,,,,,,,,,,,,,,,,,,,,,18.989999771118164,,,,,,,,,18.149999618530273,,,,,,,,26.307811737060547,,,,,,,,,,,,,
36.209999084472656,,,,571.0,,,,,,,,,,,,,,,,,,,,,,,,,,,,,,,,,,,,,,,19.549999237060547,,,,,,,,,18.270000457763672,,,,,,,,26.503408432006836,,,,,,,,,,,,,
36.95000076293945,,,,547.0,,,,,,,,,,,,,,,,,,,,,,,,,,,,,,,,,,,,,,,19.510000228881836,,,,,,,,,18.389999389648438,,,,,,,,25.623220443725586,,,,,,,,,,,,,
36.33000183105469,,,,559.0,,,,,,,,,,,,,,,,,,,,,,,,,,,,,,,,,,,,,,,19.350000381469727,,,,,,,,,18.219999313354492,,,,,,,,25.916616439819336,,,,,,,,,,,,,
36.150001525878906,,,,524.0,,,,,,,,,,,,,,,,,,,,,,,,,,,,,,,,,,,,,,,19.399999618530273,,,,,,,,,18.020000457763672,,,,,,,,25.232027053833008,,,,,,,,,,,,,
35.529998779296875,,,,527.0,,,,,,,,,,,,,,,,,,,,,,,,,,,,,,,,,,,,,,,19.350000381469727,,,,,,,,,17.700000762939453,,,,,,,,25.134227752685547,,,,,,,,,,,,,
35.400001525878906,,,,509.0,,,,,,,,,,,,,,,,,,,,,,,,,,,,,,,,,,,,,,,19.479999542236328,,,,,,,,,17.530000686645508,,,,,,,,25.525421142578125,,,,,,,,,,,,,
34.560001373291016,,,,502.0,,,,,,,,,,,,,,,,,,,,,,,,,,,,,,,,,,,,,,,19.260000228881836,,,,,,,,,17.510000228881836,,,,,,,,25.329824447631836,,,,,,,,,,,,,
34.290000915527344,,,,463.0,,,,,,,,,,,,,,,,,,,,,,,,,,,,,,,,,,,,,,,18.450000762939453,,,,,,,,,16.889999389648438,,,,,,,,25.232027053833008,,,,,,,,,,,,,
36.20000076293945,,,,475.0,,,,,,,,,,,,,,,,,,,,,,,,,,,,,,,,,,,,,,,18.100000381469727,,,,,,,,,16.700000762939453,,,,,,,,25.036428451538086,,,,,,,,,,,,,
35.95000076293945,,,,452.0,,,,,,,,,,,,,,,,,,,,,,,,,,,,,,,,,,,,,,,17.700000762939453,,,,,,,,,16.40999984741211,,,,,,,,24.058443069458008,,,,,,,,,,,,,
36.349998474121094,,,,471.0,,,,,,,,,,,,,,,,,,,,,,,,,,,,,,,,,,,,,,,17.239999771118164,,,,,,,,,16.1299991607666,,,,,,,,22.200271606445312,,,,,,,,,,,,,
37.16999816894531,,,,487.0,,,,,,,,,,,,,,,,,,,,,,,,,,,,,,,,,,,,,,,18.020000457763672,,,,,,,,,16.790000915527344,,,,,,,,22.68926429748535,,,,,,,,,,,,,
37.16999816894531,,,,487.0,,,,,,,,,,,,,,,,,,,,,,,,,,,,,,,,,,,,,,,18.020000457763672,,,,,,,,,16.790000915527344,,,,,,,,22.68926429748535,,,,,,,,,,,,,
36.93000030517578,,,,471.0,,,,,,,,,,,,,,,,,,,,,,,,,,,,,,,,,,,,,,,18.059999465942383,,,,,,,,,16.399999618530273,,,,,,,,22.787063598632812,,,,,,,,,,,,,
37.20000076293945,,,,500.0,,,,,,,,,,,,,,,,,,,,,,,,,,,,,,,,,,,,,,,18.84000015258789,,,,,,,,,16.290000915527344,,,,,,,,23.96064567565918,,,,,,,,,,,,,
36.810001373291016,,,,478.0,,,,,,,,,,,,,,,,,,,,,,,,,,,,,,,,,,,,,,,18.690000534057617,,,,,,,,,15.59000015258789,,,,,,,,23.27605438232422,,,,,,,,,,,,,
36.060001373291016,,,,477.0,,,,,,,,,,,,,,,,,,,,,,,,,,,,,,,,,,,,,,,18.6299991607666,,,,,,,,,14.8100004196167,,,,,,,,23.86284637451172,,,,,,,,,,,,,
36.33000183105469,,,,485.0,,,,,,,,,,,,,,,,,,,,,,,,,,,,,,,,,,,,,,,19.0,,,,,,,,,14.359999656677246,,,,,,,,23.47165298461914,,,,,,,,,,,,,
36.029998779296875,,,,490.0,,,,,,,,,,,,,,,,,,,,,,,,,,,,,,,,,,,,,,,19.309999465942383,,,,,,,,,14.180000305175781,,,,,,,,22.9826602935791,,,,,,,,,,,,,
36.29999923706055,,,,478.0,,,,,,,,,,,,,,,,,,,,,,,,,,,,,,,,,,,,,,,20.43000030517578,,,,,,,,,14.5,,,,,,,,22.3958683013916,,,,,,,,,,,,,
35.630001068115234,,,,460.0,,,,,,,,,,,,,,,,,,,,,,,,,,,,,,,,,,,,,,,19.239999771118164,,,,,,,,,14.010000228881836,,,,,,,,21.320083618164062,,,,,,,,,,,,,
35.630001068115234,,,,460.0,,,,,,,,,,,,,,,,,,,,,,,,,,,,,,,,,,,,,,,19.239999771118164,,,,,,,,,14.010000228881836,,,,,,,,21.320083618164062,,,,,,,,,,,,,
34.650001525878906,,,,455.0,,,,,,,,,,,,,,,,,,,,,,,,,,,,,,,,,,,,,,,19.239999771118164,,,,,,,,,14.0,,,,,,,,20.537696838378906,,,,,,,,,,,,,
35.06999969482422,,,,489.0,,,,,,,,,,,,,,,,,,,,,,,,,,,,,,,,,,,,,,,19.719999313354492,,,,,,,,,14.15999984741211,,,,,,,,20.831092834472656,,,,,,,,,,,,,
35.06999969482422,,,,489.0,,,,,,,,,,,,,,,,,,,,,,,,,,,,,,,,,,,,,,,19.719999313354492,,,,,,,,,14.15999984741211,,,,,,,,20.831092834472656,,,,,,,,,,,,,
35.439998626708984,,,,465.0,,,,,,,,,,,,,,,,,,,,,,,,,,,,,,,,,,,,,,,20.1299991607666,,,,,,,,,13.84000015258789,,,,,,,,19.657508850097656,,,,,,,,,,,,,
35.90999984741211,,,,487.0,,,,,,,,,,,,,,,,,,,,,,,,,,,,,,,,,,,,,,,20.6299991607666,,,,,,,,,13.720000267028809,,,,,,,,18.679523468017578,,,,,,,,,,,,,
35.72999954223633,,,,461.0,,,,,,,,,,,,,,,,,,,,,,,,,,,,,,,,,,,,,,,20.799999237060547,,,,,,,,,13.520000457763672,,,,,,,,18.386127471923828,,,,,,,,,,,,,
35.72999954223633,,,,444.0,,,,,,,,,,,,,,,,,,,,,,,,,,,,,,,,,,,,,,,20.420000076293945,,,,,,,,,13.350000381469727,,,,,,,,17.89713478088379,,,,,,,,,,,,,
35.220001220703125,,,,441.0,,,,,,,,,,,,,,,,,,,,,,,,,,,,,,,,,,,,,,,20.790000915527344,,,,,,,,,13.399999618530273,,,,,,,,17.016948699951172,,,,,,,,,,,,,
36.599998474121094,,,,448.0,,,,,,,,,,,,,,,,,,,,,,,,,,,,,,,,,,,,,,,21.440000534057617,,,,,,,,,13.670000076293945,,,,,,,,21.711278915405273,,,,,,,,,,,,,
36.70000076293945,,,,434.0,,,,,,,,,,,,,,,,,,,,,,,,,,,,,,,,,,,,,,,21.010000228881836,,,,,,,,,13.59000015258789,,,,,,,,21.124486923217773,,,,,,,,,,,,,
36.68000030517578,,,,435.0,,,,,,,,,,,,,,,,,,,,,,,,,,,,,,,,,,,,,,,21.850000381469727,,,,,,,,,13.699999809265137,,,,,,,,21.124486923217773,,,,,,,,,,,,,
36.060001373291016,,,,429.0,,,,,,,,,,,,,,,,,,,,,,,,,,,,,,,,,,,,,,,22.5,,,,,,,,,13.489999771118164,,,,,,,,20.831092834472656,,,,,,,,,,,,,
36.689998626708984,,,,442.0,,,,,,,,,,,,,,,,,,,,,,,,,,,,,,,,,,,,,,,23.600000381469727,,,,,,,,,13.350000381469727,,,,,,,,21.026689529418945,,,,,,,,,,,,,
36.59000015258789,,,,437.0,,,,,,,,,,,,,,,,,,,,,,,,,,,,,,,,,,,,,,,23.09000015258789,,,,,,,,,13.4399995803833,,,,,,,,20.635494232177734,,,,,,,,,,,,,
36.91999816894531,,,,445.0,,,,,,,,,,,,,,,,,,,,,,,,,,,,,,,,,,,,,,,23.030000686645508,,,,,,,,,13.319999694824219,,,,,,,,21.320083618164062,,,,,,,,,,,,,
37.43000030517578,,,,484.0,,,,,,,,,,,,,,,,,,,,,,,,,,,,,,,,,,,,,,,22.700000762939453,,,,,,,,,13.390000343322754,,,,,,,,22.88486099243164,,,,,,,,,,,,,
38.18000030517578,,,,470.0,,,,,,,,,,,,,,,,,,,,,,,,,,,,,,,,,,,,,,,22.950000762939453,,,,,,,,,13.850000381469727,,,,,,,,22.591466903686523,,,,,,,,,,,,,
38.380001068115234,,,,473.0,,,,,,,,,,,,,,,,,,,,,,,,,,,,,,,,,,,,,,,22.989999771118164,,,,,,,,,13.739999771118164,,,,,,,,21.8090763092041,,,,,,,,,,,,,
38.529998779296875,,,,468.0,,,,,,,,,,,,,,,,,,,,,,,,,,,,,,,,,,,,,,,22.170000076293945,,,,,,,,,14.0,,,,,,,,21.613479614257812,,,,,,,,,,,,,
39.75,,,,455.0,,,,,,,,,,,,,,,,,,,,,,,,,,,,,,,,,,,,,,,22.09000015258789,,,,,,,,,13.229999542236328,,,,,,,,21.51568031311035,,,,,,,,,,,,,
40.310001373291016,,,,431.0,,,,,,,,,,,,,,,,,,,,,,,,,,,,,,,,,,,,,,,22.3700008392334,,,,,,,,,13.119999885559082,,,,,,,,21.8090763092041,,,,,,,,,,,,,
41.0,,,,433.0,,,,,,,,,,,,,,,,,,,,,,,,,,,,,,,,,,,,,,,23.040000915527344,,,,,,,,,13.5600004196167,,,,,,,,21.8090763092041,,,,,,,,,,,,,
40.5099983215332,,,,426.0,,,,,,,,,,,,,,,,,,,,,,,,,,,,,,,,,,,,,,,22.600000381469727,,,,,,,,,13.649999618530273,,,,,,,,21.613479614257812,,,,,,,,,,,,,
40.810001373291016,,,,428.0,,,,,,,,,,,,,,,,,,,,,,,,,,,,,,,,,,,,,,,22.899999618530273,,,,,,,,,13.970000267028809,,,,,,,,22.787063598632812,,,,,,,,,,,,,
40.5,,,,425.0,,,,,,,,,,,,,,,,,,,,,,,,,,,,,,,,,,,,,,,22.729999542236328,,,,,,,,,14.930000305175781,,,,,,,,22.200271606445312,,,,,,,,,,,,,
40.5,,,,425.0,,,,,,,,,,,,,,,,,,,,,,,,,,,,,,,,,,,,,,,22.729999542236328,,,,,,,,,14.930000305175781,,,,,,,,22.200271606445312,,,,,,,,,,,,,
40.689998626708984,,,,438.0,,,,,,,,,,,,,,,,,,,,,,,,,,,,,,,,,,,,,,,22.309999465942383,,,,,,,,,16.0,,,,,,,,22.68926429748535,,,,,,,,,,,,,
40.79999923706055,,,,432.0,,,,,,,,,,,,,,,,,,,,,,,,,,,,,,,,,,,,,,,22.670000076293945,,,,,,,,,16.200000762939453,,,,,,,,22.9826602935791,,,,,,,,,,,,,
40.869998931884766,,,,438.0,,,,,,,,,,,,,,,,,,,,,,,,,,,,,,,,,,,,,,,22.56999969482422,,,,,,,,,16.799999237060547,,,,,,,,23.47165298461914,,,,,,,,,,,,,
40.869998931884766,,,,438.0,,,,,,,,,,,,,,,,,,,,,,,,,,,,,,,,,,,,,,,22.56999969482422,,,,,,,,,16.799999237060547,,,,,,,,23.47165298461914,,,,,,,,,,,,,
42.599998474121094,,,,476.0,,,,,,,,,,,,,,,,,,,,,,,,,,,,,,,,,,,,,,,24.200000762939453,,,,,,,,,17.600000381469727,,,,,,,,25.036428451538086,,,,,,,,,,,,,
42.09000015258789,,,,490.0,,,,,,,,,,,,,,,,,,,,,,,,,,,,,,,,,,,,,,,24.06999969482422,,,,,,,,,16.8700008392334,,,,,,,,25.525421142578125,,,,,,,,,,,,,
41.36000061035156,,,,497.0,,,,,,,,,,,,,,,,,,,,,,,,,,,,,,,,,,,,,,,23.5,,,,,,,,,15.989999771118164,,,,,,,,24.938631057739258,,,,,,,,,,,,,
40.349998474121094,,,,505.0,,,,,,,,,,,,,,,,,,,,,,,,,,,,,,,,,,,,,,,23.440000534057617,,,,,,,,,15.479999542236328,,,,,,,,25.232027053833008,,,,,,,,,,,,,
40.099998474121094,,,,483.0,,,,,,,,,,,,,,,,,,,,,,,,,,,,,,,,,,,,,,,23.829999923706055,,,,,,,,,14.800000190734863,,,,,,,,24.54743766784668,,,,,,,,,,,,,
40.29999923706055,,,,482.0,,,,,,,,,,,,,,,,,,,,,,,,,,,,,,,,,,,,,,,24.09000015258789,,,,,,,,,14.600000381469727,,,,,,,,24.645235061645508,,,,,,,,,,,,,
40.56999969482422,,,,499.0,,,,,,,,,,,,,,,,,,,,,,,,,,,,,,,,,,,,,,,24.139999389648438,,,,,,,,,14.640000343322754,,,,,,,,24.44963836669922,,,,,,,,,,,,,
39.529998779296875,,,,517.0,,,,,,,,,,,,,,,,,,,,,,,,,,,,,,,,,,,,,,,24.68000030517578,,,,,,,,,14.800000190734863,,,,,,,,24.54743766784668,,,,,,,,,,,,,
39.75,,,,535.0,,,,,,,,,,,,,,,,,,,,,,,,,,,,,,,,,,,,,,,25.1200008392334,,,,,,,,,14.600000381469727,,,,,,,,24.840831756591797,,,,,,,,,,,,,
39.650001525878906,,,,520.0,,,,,,,,,,,,,,,,,,,,,,,,,,,,,,,,,,,,,,,25.0,,,,,,,,,14.470000267028809,,,,,,,,25.134227752685547,,,,,,,,,,,,,
39.68000030517578,,,,520.0,,,,,,,,,,,,,,,,,,,,,,,,,,,,,,,,,,,,,,,25.0,,,,,,,,,14.350000381469727,,,,,,,,24.058443069458008,,,,,,,,,,,,,
39.75,,,,499.0,,,,,,,,,,,,,,,,,,,,,,,,,,,,,,,,,,,,,,,25.850000381469727,,,,,,,,,14.6899995803833,,,,,,,,24.645235061645508,,,,,,,,,,,,,
39.20000076293945,,,,495.0,,,,,,,,,,,,,,,,,,,,,,,,,,,,,,,,,,,,,,,25.780000686645508,,,,,,,,,14.609999656677246,,,,,,,,24.25404167175293,,,,,,,,,,,,,
39.68000030517578,,,,477.0,,,,,,,,,,,,,,,,,,,,,,,,,,,,,,,,,,,,,,,26.0,,,,,,,,,15.260000228881836,,,,,,,,23.66724967956543,,,,,,,,,,,,,
39.5,,,,497.0,,,,,,,,,,,,,,,,,,,,,,,,,,,,,,,,,,,,,,,26.329999923706055,,,,,,,,,14.710000038146973,,,,,,,,24.840831756591797,,,,,,,,,,,,,
38.630001068115234,,,,482.0,,,,,,,,,,,,,,,,,,,,,,,,,,,,,,,,,,,,,,,26.200000762939453,,,,,,,,,14.149999618530273,,,,,,,,23.86284637451172,,,,,,,,,,,,,
38.630001068115234,,,,482.0,,,,,,,,,,,,,,,,,,,,,,,,,,,,,,,,,,,,,,,26.200000762939453,,,,,,,,,14.149999618530273,,,,,,,,23.86284637451172,,,,,,,,,,,,,
37.689998626708984,,,,467.0,,,,,,,,,,,,,,,,,,,,,,,,,,,,,,,,,,,,,,,24.649999618530273,,,,,,,,,13.569999694824219,,,,,,,,23.47165298461914,,,,,,,,,,,,,
38.130001068115234,,,,474.0,,,,,,,,,,,,,,,,,,,,,,,,,,,,,,,,,,,,,,,24.399999618530273,,,,,,,,,13.670000076293945,,,,,,,,23.08045768737793,,,,,,,,,,,,,
37.290000915527344,,,,437.0,,,,,,,,,,,,,,,,,,,,,,,,,,,,,,,,,,,,,,,24.649999618530273,,,,,,,,,13.369999885559082,,,,,,,,22.004674911499023,,,,,,,,,,,,,
38.70000076293945,,,,410.0,,,,,,,,,,,,,,,,,,,,,,,,,,,,,,,,,,,,,,,24.399999618530273,,,,,,,,,13.649999618530273,,,,,,,,21.8090763092041,,,,,,,,,,,,,
39.20000076293945,,,,415.0,,,,,,,,,,,,,,,,,,,,,,,,,,,,,,,,,,,,,,,24.559999465942383,,,,,,,,,13.850000381469727,,,,,,,,22.298070907592773,,,,,,,,,,,,,
38.75,,,,402.0,,,,,,,,,,,,,,,,,,,,,,,,,,,,,,,,,,,,,,,24.549999237060547,,,,,,,,,13.550000190734863,,,,,,,,21.51568031311035,,,,,,,,,,,,,
38.099998474121094,,,,377.0,,,,,,,,,,,,,,,,,,,,,,,,,,,,,,,,,,,,,,,25.0,,,,,,,,,13.850000381469727,,,,,,,,20.733293533325195,,,,,,,,,,,,,
38.5,,,,371.0,,,,,,,,,,,,,,,,,,,,,,,,,,,,,,,,,,,,,,,25.170000076293945,,,,,,,,,14.029999732971191,,,,,,,,20.244300842285156,,,,,,,,,,,,,
37.459999084472656,,,,378.0,,,,,,,,,,,,,,,,,,,,,,,,,,,,,,,,,,,,,,,24.350000381469727,,,,,,,,,13.59000015258789,,,,,,,,19.950904846191406,,,,,,,,,,,,,
37.7400016784668,,,,383.0,,,,,,,,,,,,,,,,,,,,,,,,,,,,,,,,,,,,,,,23.520000457763672,,,,,,,,,13.449999809265137,,,,,,,,19.755308151245117,,,,,,,,,,,,,
37.7400016784668,,,,383.0,,,,,,,,,,,,,,,,,,,,,,,,,,,,,,,,,,,,,,,23.520000457763672,,,,,,,,,13.449999809265137,,,,,,,,19.755308151245117,,,,,,,,,,,,,
37.7400016784668,,,,383.0,,,,,,,,,,,,,,,,,,,,,,,,,,,,,,,,,,,,,,,23.520000457763672,,,,,,,,,13.449999809265137,,,,,,,,19.755308151245117,,,,,,,,,,,,,
37.40999984741211,,,,377.0,,,,,,,,,,,,,,,,,,,,,,,,,,,,,,,,,,,,,,,23.1299991607666,,,,,,,,,13.329999923706055,,,,,,,,18.679523468017578,,,,,,,,,,,,,
36.75,,,,370.0,,,,,,,,,,,,,,,,,,,,,,,,,,,,,,,,,,,,,,,22.479999542236328,,,,,,,,,13.989999771118164,,,,,,,,19.950904846191406,,,,,,,,,,,,,
36.470001220703125,,,,346.0,,,,,,,,,,,,,,,,,,,,,,,,,,,,,,,,,,,,,,,22.899999618530273,,,,,,,,,13.600000381469727,,,,,,,,19.657508850097656,,,,,,,,,,,,,
36.09000015258789,,,,315.0,,,,,,,,,,,,,,,,,,,,,,,,,,,,,,,,,,,,,,,22.299999237060547,,,,,,,,,13.149999618530273,,,,,,,,18.875120162963867,,,,,,,,,,,,,
34.79999923706055,,,,322.0,,,,,,,,,,,,,,,,,,,,,,,,,,,,,,,,,,,,,,,21.649999618530273,,,,,,,,,12.609999656677246,,,,,,,,18.288328170776367,,,,,,,,,,,,,
34.81999969482422,,,,360.0,,,,,,,,,,,,,,,,,,,,,,,,,,,,,,,,,,,,,,,21.479999542236328,,,,,,,,,12.430000305175781,,,,,,,,18.972919464111328,,,,,,,,,,,,,
34.099998474121094,,,,359.0,,,,,,,,,,,,,,,,,,,,,,,,,,,,,,,,,,,,,,,22.34000015258789,,,,,,,,,12.399999618530273,,,,,,,,19.657508850097656,,,,,,,,,,,,,
34.279998779296875,,,,327.0,,,,,,,,,,,,,,,,,,,,,,,,,,,,,,,,,,,,,,,22.1299991607666,,,,,,,,,12.40999984741211,,,,,,,,19.266315460205078,,,,,,,,,,,,,
35.150001525878906,,,,340.0,,,,,,,,,,,,,,,,,,,,,,,,,,,,,,,,,,,,,,,22.149999618530273,,,,,,,,,12.649999618530273,,,,,,,,19.559709548950195,,,,,,,,,,,,,
35.45000076293945,,,,329.0,,,,,,,,,,,,,,,,,,,,,,,,,,,,,,,,,,,,,,,22.81999969482422,,,,,,,,,11.899999618530273,,,,,,,,19.461912155151367,,,,,,,,,,,,,
36.54999923706055,,,,315.0,,,,,,,,,,,,,,,,,,,,,,,,,,,,,,,,,,,,,,,22.43000030517578,,,,,,,,,11.949999809265137,,,,,,,,19.559709548950195,,,,,,,,,,,,,
35.25,,,,304.0,,,,,,,,,,,,,,,,,,,,,,,,,,,,,,,,,,,,,,,22.260000228881836,,,,,,,,,11.399999618530273,,,,,,,,19.168516159057617,,,,,,,,,,,,,
34.04999923706055,,,,290.0,,,,,,,,,,,,,,,,,,,,,,,,,,,,,,,,,,,,,,,22.389999389648438,,,,,,,,,11.199999809265137,,,,,,,,21.222286224365234,,,,,,,,,,,,,
33.810001373291016,,,,278.0,,,,,,,,,,,,,,,,,,,,,,,,,,,,,,,,,,,,,,,22.149999618530273,,,,,,,,,10.979999542236328,,,,,,,,19.950904846191406,,,,,,,,,,,,,
35.83000183105469,,,,292.0,,,,,,,,,,,,,,,,,,,,,,,,,,,,,,,,,,,,,,,22.700000762939453,,,,,,,,,11.149999618530273,,,,,,,,21.613479614257812,,,,,,,,,,,,,
35.54999923706055,,,,340.0,,,,,,,,,,,,,,,,,,,,,,,,,,,,,,,,,,,,,,,22.6200008392334,,,,,,,,,12.229999542236328,,,,,,,,23.86284637451172,,,,,,,,,,,,,
34.720001220703125,,,,311.0,,,,,,,,,,,,,,,,,,,,,,,,,,,,,,,,,,,,,,,22.299999237060547,,,,,,,,,12.0,,,,,,,,23.765047073364258,,,,,,,,,,,,,
35.220001220703125,,,,265.0,,,,,,,,,,,,,,,,,,,,,,,,,,,,,,,,,,,,,,,22.200000762939453,,,,,,,,,12.050000190734863,,,,,,,,23.86284637451172,,,,,,,,,,,,,
34.650001525878906,,,,261.0,,,,,,,,,,,,,,,,,,,,,,,,,,,,,,,,,,,,,,,22.25,,,,,,,,,12.229999542236328,,,,,,,,25.134227752685547,,,,,,,,,,,,,
33.36000061035156,,,,236.0,,,,,,,,,,,,,,,,,,,,,,,,,,,,,,,,,,,,,,,22.06999969482422,,,,,,,,,12.300000190734863,,,,,,,,23.66724967956543,,,,,,,,,,,,,
33.630001068115234,,,,237.0,,,,,,,,,,,,,,,,,,,,,,,,,,,,,,,,,,,,,,,22.149999618530273,,,,,,,,,11.600000381469727,,,,,,,,22.9826602935791,,,,,,,,,,,,,
33.59000015258789,,,,249.0,,,,,,,,,,,,,,,,,,,,,,,,,,,,,,,,,,,,,,,22.079999923706055,,,,,,,,,11.520000457763672,,,,,,,,23.47165298461914,,,,,,,,,,,,,
33.7400016784668,,,,247.0,,,,,,,,,,,,,,,,,,,,,,,,,,,,,,,,,,,,,,,22.329999923706055,,,,,,,,,11.149999618530273,,,,,,,,23.17825698852539,,,,,,,,,,,,,
32.38999938964844,,,,251.0,,,,,,,,,,,,,,,,,,,,,,,,,,,,,,,,,,,,,,,21.850000381469727,,,,,,,,,11.0600004196167,,,,,,,,23.17825698852539,,,,,,,,,,,,,
33.04999923706055,,,,262.0,,,,,,,,,,,,,,,,,,,,,,,,,,,,,,,,,,,,,,,22.040000915527344,,,,,,,,,10.600000381469727,,,,,,,,21.8090763092041,,,,,,,,,,,,,
33.18000030517578,,,,250.0,,,,,,,,,,,,,,,,,,,,,,,,,,,,,,,,,,,,,,,21.950000762939453,,,,,,,,,10.350000381469727,,,,,,,,21.124486923217773,,,,,,,,,,,,,
33.20000076293945,,,,227.0,,,,,,,,,,,,,,,,,,,,,,,,,,,,,,,,,,,,,,,22.079999923706055,,,,,,,,,10.4399995803833,,,,,,,,18.77732276916504,,,,,,,,,,,,,
32.63999938964844,,,,232.0,,,,,,,,,,,,,,,,,,,,,,,,,,,,,,,,,,,,,,,22.190000534057617,,,,,,,,,10.420000076293945,,,,,,,,19.755308151245117,,,,,,,,,,,,,
32.9900016784668,,,,230.0,,,,,,,,,,,,,,,,,,,,,,,,,,,,,,,,,,,,,,,22.5,,,,,,,,,10.270000457763672,,,,,,,,21.124486923217773,,,,,,,,,,,,,
33.630001068115234,,,,239.0,,,,,,,,,,,,,,,,,,,,,,,,,,,,,,,,,,,,,,,23.549999237060547,,,,,,,,,10.050000190734863,,,,,,,,21.417882919311523,,,,,,,,,,,,,
33.630001068115234,,,,231.0,,,,,,,,,,,,,,,,,,,,,,,,,,,,,,,,,,,,,,,24.399999618530273,,,,,,,,,10.050000190734863,,,,,,,,21.417882919311523,,,,,,,,,,,,,
32.380001068115234,,,,232.0,,,,,,,,,,,,,,,,,,,,,,,,,,,,,,,,,,,,,,,23.90999984741211,,,,,,,,,9.890000343322754,,,,,,,,20.928890228271484,,,,,,,,,,,,,
31.799999237060547,,,,223.0,,,,,,,,,,,,,,,,,,,,,,,,,,,,,,,,,,,,,,,23.09000015258789,,,,,,,,,9.520000457763672,,,,,,,,19.950904846191406,,,,,,,,,,,,,
33.70000076293945,,,,222.0,,,,,,,,,,,,,,,,,,,,,,,,,,,,,,,,,,,,,,,24.100000381469727,,,,,,,,,9.579999923706055,,,,,,,,20.537696838378906,,,,,,,,,,,,,
32.36000061035156,,,,196.0,,,,,,,,,,,,,,,,,,,,,,,,,,,,,,,,,,,,,,,24.170000076293945,,,,,,,,,9.25,,,,,,,,19.755308151245117,,,,,,,,,,,,,
32.599998474121094,,,,171.0,,,,,,,,,,,,,,,,,,,,,,,,,,,,,,,,,,,,,,,24.100000381469727,,,,,,,,,9.6899995803833,,,,,,,,19.950904846191406,,,,,,,,,,,,,
32.70000076293945,,,,170.0,,,,,,,,,,,,,,,,,,,,,,,,,,,,,,,,,,,,,,,24.309999465942383,,,,,,,,,9.5,,,,,,,,18.875120162963867,,,,,,,,,,,,,
34.08000183105469,,,,165.0,,,,,,,,,,,,,,,,,,,,,,,,,,,,,,,,,,,,,,,25.010000228881836,,,,,,,,,9.529999732971191,,,,,,,,20.146501541137695,,,,,,,,,,,,,
32.900001525878906,,,,156.0,,,,,,,,,,,,,,,,,,,,,,,,,,,,,,,,,,,,,,,23.8799991607666,,,,,,,,,9.65999984741211,,,,,,,,22.10247230529785,,,,,,,,,,,,,
32.400001525878906,,,,146.0,,,,,,,,,,,,,,,,,,,,,,,,,,,,,,,,,,,,,,,23.200000762939453,,,,,,,,,9.25,,,,,,,,22.004674911499023,,,,,,,,,,,,,
32.93000030517578,,,,155.0,,,,,,,,,,,,,,,,,,,,,,,,,,,,,,,,,,,,,,,22.75,,,,,,,,,9.140000343322754,,,,,,,,21.613479614257812,,,,,,,,,,,,,
30.799999237060547,,,,135.0,,,,,,,,,,,,,,,,,,,,,,,,,,,,,,,,,,,,,,,21.75,,,,,,,,,8.699999809265137,,,,,,,,20.342098236083984,,,,,,,,,,,,,
31.649999618530273,,,,140.0,,,,,,,,,,,,,,,,,,,,,,,,,,,,,,,,,,,,,,,22.739999771118164,,,,,,,,,8.680000305175781,,,,,,,,20.342098236083984,,,,,,,,,,,,,
30.989999771118164,,,,125.0,,,,,,,,,,,,,,,,,,,,,,,,,,,,,,,,,,,,,,,22.190000534057617,,,,,,,,,8.619999885559082,,,,,,,,18.288328170776367,,,,,,,,,,,,,
30.450000762939453,,,,126.0,,,,,,,,,,,,,,,,,,,,,,,,,,,,,,,,,,,,,,,22.420000076293945,,,,,,,,,8.319999694824219,,,,,,,,18.288328170776367,,,,,,,,,,,,,
30.649999618530273,,,,138.0,,,,,,,,,,,,,,,,,,,,,,,,,,,,,,,,,,,,,,,22.200000762939453,,,,,,,,,8.25,,,,,,,,19.07071876525879,,,,,,,,,,,,,
31.100000381469727,,,,163.0,,,,,,,,,,,,,,,,,,,,,,,,,,,,,,,,,,,,,,,22.780000686645508,,,,,,,,,8.25,,,,,,,,19.461912155151367,,,,,,,,,,,,,
31.8700008392334,,,,151.0,,,,,,,,,,,,,,,,,,,,,,,,,,,,,,,,,,,,,,,23.1200008392334,,,,,,,,,8.199999809265137,,,,,,,,18.581724166870117,,,,,,,,,,,,,
32.099998474121094,,,,152.0,,,,,,,,,,,,,,,,,,,,,,,,,,,,,,,,,,,,,,,22.479999542236328,,,,,,,,,8.100000381469727,,,,,,,,18.581724166870117,,,,,,,,,,,,,
32.459999084472656,,,,170.0,,,,,,,,,,,,,,,,,,,,,,,,,,,,,,,,,,,,,,,22.350000381469727,,,,,,,,,7.920000076293945,,,,,,,,18.77732276916504,,,,,,,,,,,,,
32.459999084472656,,,,170.0,,,,,,,,,,,,,,,,,,,,,,,,,,,,,,,,,,,,,,,22.350000381469727,,,,,,,,,7.920000076293945,,,,,,,,18.77732276916504,,,,,,,,,,,,,
32.02000045776367,,,,219.0,,,,,,,,,,,,,,,,,,,,,,,,,,,,,,,,,,,,,,,20.90999984741211,,,,,,,,,7.820000171661377,,,,,,,,19.364112854003906,,,,,,,,,,,,,
32.560001373291016,,,,192.0,,,,,,,,,,,,,,,,,,,,,,,,,,,,,,,,,,,,,,,21.34000015258789,,,,,,,,,8.25,,,,,,,,19.266315460205078,,,,,,,,,,,,,
32.560001373291016,,,,192.0,,,,,,,,,,,,,,,,,,,,,,,,,,,,,,,,,,,,,,,21.34000015258789,,,,,,,,,8.25,,,,,,,,19.266315460205078,,,,,,,,,,,,,
31.75,,,,181.0,,,,,,,,,,,,,,,,,,,,,,,,,,,,,,,,,,,,,,,20.899999618530273,,,,,,,,,8.050000190734863,,,,,,,,18.679523468017578,,,,,,,,,,,,,
32.20000076293945,,,,183.0,,,,,,,,,,,,,,,,,,,,,,,,,,,,,,,,,,,,,,,21.309999465942383,,,,,,,,,7.900000095367432,,,,,,,,18.875120162963867,,,,,,,,,,,,,
32.279998779296875,,,,200.0,,,,,,,,,,,,,,,,,,,,,,,,,,,,,,,,,,,,,,,21.709999084472656,,,,,,,,,7.71999979019165,,,,,,,,18.48392677307129,,,,,,,,,,,,,
33.04999923706055,,,,195.0,,,,,,,,,,,,,,,,,,,,,,,,,,,,,,,,,,,,,,,22.100000381469727,,,,,,,,,7.75,,,,,,,,18.386127471923828,,,,,,,,,,,,,
33.119998931884766,,,,176.0,,,,,,,,,,,,,,,,,,,,,,,,,,,,,,,,,,,,,,,21.690000534057617,,,,,,,,,7.71999979019165,,,,,,,,18.581724166870117,,,,,,,,,,,,,
33.150001525878906,,,,164.0,,,,,,,,,,,,,,,,,,,,,,,,,,,,,,,,,,,,,,,21.450000762939453,,,,,,,,,7.630000114440918,,,,,,,,18.092731475830078,,,,,,,,,,,,,
32.5,,,,164.0,,,,,,,,,,,,,,,,,,,,,,,,,,,,,,,,,,,,,,,21.56999969482422,,,,,,,,,7.670000076293945,,,,,,,,17.40814208984375,,,,,,,,,,,,,
31.81999969482422,,,,168.0,,,,,,,,,,,,,,,,,,,,,,,,,,,,,,,,,,,,,,,21.149999618530273,,,,,,,,,7.670000076293945,,,,,,,,16.91914939880371,,,,,,,,,,,,,
31.06999969482422,,,,176.0,,,,,,,,,,,,,,,,,,,,,,,,,,,,,,,,,,,,,,,21.270000457763672,,,,,,,,,7.860000133514404,,,,,,,,17.60373878479004,,,,,,,,,,,,,
30.440000534057617,,,,188.0,,,,,,,,,,,,,,,,,,,,,,,,,,,,,,,,,,,,,,,21.149999618530273,,,,,,,,,8.100000381469727,,,,,,,,17.799335479736328,,,,,,,,,,,,,
29.700000762939453,,,,179.0,,,,,,,,,,,,,,,,,,,,,,,,,,,,,,,,,,,,,,,21.299999237060547,,,,,,,,,8.3100004196167,,,,,,,,17.89713478088379,,,,,,,,,,,,,
29.899999618530273,,,,178.0,,,,,,,,,,,,,,,,,,,,,,,,,,,,,,,,,,,,,,,21.510000228881836,,,,,,,,,8.079999923706055,,,,,,,,18.19053077697754,,,,,,,,,,,,,
31.049999237060547,,,,172.0,,,,,,,,,,,,,,,,,,,,,,,,,,,,,,,,,,,,,,,21.399999618530273,,,,,,,,,7.960000038146973,,,,,,,,17.89713478088379,,,,,,,,,,,,,
31.3700008392334,,,,174.0,,,,,,,,,,,,,,,,,,,,,,,,,,,,,,,,,,,,,,,21.459999084472656,,,,,,,,,8.420000076293945,,,,,,,,18.092731475830078,,,,,,,,,,,,,
30.940000534057617,,,,179.0,,,,,,,,,,,,,,,,,,,,,,,,,,,,,,,,,,,,,,,21.8799991607666,,,,,,,,,8.319999694824219,,,,,,,,18.581724166870117,,,,,,,,,,,,,
30.3799991607666,,,,187.0,,,,,,,,,,,,,,,,,,,,,,,,,,,,,,,,,,,,,,,22.079999923706055,,,,,,,,,8.449999809265137,,,,,,,,18.875120162963867,,,,,,,,,,,,,
30.149999618530273,,,,180.0,,,,,,,,,,,,,,,,,,,,,,,,,,,,,,,,,,,,,,,22.760000228881836,,,,,,,,,8.529999732971191,,,,,,,,19.755308151245117,,,,,,,,,,,,,
29.770000457763672,,,,169.0,,,,,,,,,,,,,,,,,,,,,,,,,,,,,,,,,,,,,,,23.1299991607666,,,,,,,,,8.329999923706055,,,,,,,,18.581724166870117,,,,,,,,,,,,,
29.3799991607666,,,,150.0,,,,,,,,,,,,,,,,,,,,,,,,,,,,,,,,,,,,,,,23.75,,,,,,,,,7.920000076293945,,,,,,,,17.7015380859375,,,,,,,,,,,,,
29.3799991607666,,,,150.0,,,,,,,,,,,,,,,,,,,,,,,,,,,,,,,,,,,,,,,23.75,,,,,,,,,7.920000076293945,,,,,,,,17.7015380859375,,,,,,,,,,,,,
28.649999618530273,,,,140.0,,,,,,,,,,,,,,,,,,,,,,,,,,,,,,,,,,,,,,,23.600000381469727,,,,,,,,,7.590000152587891,,,,,,,,16.62575340270996,,,,,,,,,,,,,
29.950000762939453,,,,139.0,,,,,,,,,,,,,,,,,,,,,,,,,,,,,,,,,,,,,,,23.440000534057617,,,,,,,,,7.690000057220459,,,,,,,,17.21254539489746,,,,,,,,,,,,,
30.299999237060547,,,,138.0,,,,,,,,,,,,,,,,,,,,,,,,,,,,,,,,,,,,,,,23.81999969482422,,,,,,,,,7.630000114440918,,,,,,,,16.91914939880371,,,,,,,,,,,,,
29.170000076293945,,,,136.0,,,,,,,,,,,,,,,,,,,,,,,,,,,,,,,,,,,,,,,23.59000015258789,,,,,,,,,7.409999847412109,,,,,,,,16.5279541015625,,,,,,,,,,,,,
29.579999923706055,,,,136.0,,,,,,,,,,,,,,,,,,,,,,,,,,,,,,,,,,,,,,,23.799999237060547,,,,,,,,,7.349999904632568,,,,,,,,16.62575340270996,,,,,,,,,,,,,
29.059999465942383,,,,125.0,,,,,,,,,,,,,,,,,,,,,,,,,,,,,,,,,,,,,,,24.100000381469727,,,,,,,,,6.96999979019165,,,,,,,,15.0609769821167,,,,,,,,,,,,,
28.600000381469727,,,,129.0,,,,,,,,,,,,,,,,,,,,,,,,,,,,,,,,,,,,,,,23.700000762939453,,,,,,,,,6.679999828338623,,,,,,,,14.57198429107666,,,,,,,,,,,,,
27.780000686645508,,,,117.0,,,,,,,,,,,,,,,,,,,,,,,,,,,,,,,,,,,,,,,23.15999984741211,,,,,,,,,6.400000095367432,,,,,,,,13.496199607849121,,,,,,,,,,,,,
27.399999618530273,,,,104.0,,,,,,,,,,,,,,,,,,,,,,,,,,,,,,,,,,,,,,,22.6299991607666,,,,,,,,,6.119999885559082,,,,,,,,12.22481918334961,,,,,,,,,,,,,
28.649999618530273,,,,105.0,,,,,,,,,,,,,,,,,,,,,,,,,,,,,,,,,,,,,,,22.610000610351562,,,,,,,,,6.150000095367432,,,,,,,,12.322616577148438,,,,,,,,,,,,,
28.280000686645508,,,,97.0,,,,,,,,,,,,,,,,,,,,,,,,,,,,,,,,,,,,,,,22.3700008392334,,,,,,,,,6.71999979019165,,,,,,,,11.63802719116211,,,,,,,,,,,,,
28.399999618530273,,,,82.0,,,,,,,,,,,,,,,,,,,,,,,,,,,,,,,,,,,,,,,22.93000030517578,,,,,,,,,6.670000076293945,,,,,,,,10.660041809082031,,,,,,,,,,,,,
29.100000381469727,,,,92.0,,,,,,,,,,,,,,,,,,,,,,,,,,,,,,,,,,,,,,,23.799999237060547,,,,,,,,,6.75,,,,,,,,11.344632148742676,,,,,,,,,,,,,
28.5,,,,78.0,,,,,,,,,,,,,,,,,,,,,,,,,,,,,,,,,,,,,,,23.959999084472656,,,,,,,,,6.570000171661377,,,,,,,,10.073250770568848,,,,,,,,,,,,,
28.639999389648438,,,,86.0,,,,,,,,,,,,,,,,,,,,,,,,,,,,,,,,,,,,,,,24.600000381469727,,,,,,,,,6.820000171661377,,,,,,,,11.735825538635254,,,,,,,,,,,,,
28.450000762939453,,,,81.0,,,,,,,,,,,,,,,,,,,,,,,,,,,,,,,,,,,,,,,24.850000381469727,,,,,,,,,6.650000095367432,,,,,,,,10.073250770568848,,,,,,,,,,,,,
26.889999389648438,,,,78.0,,,,,,,,,,,,,,,,,,,,,,,,,,,,,,,,,,,,,,,25.1200008392334,,,,,,,,,6.619999885559082,,,,,,,,9.682056427001953,,,,,,,,,,,,,
27.5,,,,82.0,,,,,,,,,,,,,,,,,,,,,,,,,,,,,,,,,,,,,,,24.700000762939453,,,,,,,,,6.849999904632568,,,,,,,,9.779854774475098,,,,,,,,,,,,,
26.75,,,,93.0,,,,,,,,,,,,,,,,,,,,,,,,,,,,,,,,,,,,,,,24.06999969482422,,,,,,,,,6.570000171661377,,,,,,,,12.22481918334961,,,,,,,,,,,,,
26.700000762939453,,,,84.0,,,,,,,,,,,,,,,,,,,,,,,,,,,,,,,,,,,,,,,23.719999313354492,,,,,,,,,6.480000019073486,,,,,,,,10.562243461608887,,,,,,,,,,,,,
26.950000762939453,,,,78.0,,,,,,,,,,,,,,,,,,,,,,,,,,,,,,,,,,,,,,,24.610000610351562,,,,,,,,,6.309999942779541,,,,,,,,9.682056427001953,,,,,,,,,,,,,
27.280000686645508,,,,57.0,,,,,,,,,,,,,,,,,,,,,,,,,,,,,,,,,,,,,,,25.75,,,,,,,,,6.230000019073486,,,,,,,,8.704071044921875,,,,,,,,,,,,,
26.100000381469727,,,,45.0,,,,,,,,,,,,,,,,,,,,,,,,,,,,,,,,,,,,,,,25.200000762939453,,,,,,,,,5.800000190734863,,,,,,,,7.726085186004639,,,,,,,,,,,,,
26.0,,,,39.0,,,,,,,,,,,,,,,,,,,,,,,,,,,,,,,,,,,,,,,25.200000762939453,,,,,,,,,5.670000076293945,,,,,,,,7.823884010314941,,,,,,,,,,,,,
26.450000762939453,,,,52.0,,,,,,,,,,,,,,,,,,,,,,,,,,,,,,,,,,,,,,,25.75,,,,,,,,,6.059999942779541,,,,,,,,8.215078353881836,,,,,,,,,,,,,
26.06999969482422,,,,53.0,,,,,,,,,,,,,,,,,,,,,,,,,,,,,,,,,,,,,,,25.700000762939453,,,,,,,,,6.380000114440918,,,,,,,,8.215078353881836,,,,,,,,,,,,,
26.06999969482422,,,,53.0,,,,,,,,,,,,,,,,,,,,,,,,,,,,,,,,,,,,,,,25.700000762939453,,,,,,,,,6.380000114440918,,,,,,,,8.215078353881836,,,,,,,,,,,,,
26.549999237060547,,,,60.0,,,,,,,,,,,,,,,,,,,,,,,,,,,,,,,,,,,,,,,25.31999969482422,,,,,,,,,6.420000076293945,,,,,,,,8.31287670135498,,,,,,,,,,,,,
27.559999465942383,,,,54.0,,,,,,,,,,,,,,,,,,,,,,,,,,,,,,,,,,,,,,,25.799999237060547,,,,,,,,,6.619999885559082,,,,,,,,8.410675048828125,,,,,,,,,,,,,
27.059999465942383,,,,43.0,,,,,,,,,,,,,,,,,,,,,,,,,,,,,,,,,,,,,,,26.18000030517578,,,,,,,,,6.349999904632568,,,,,,,,6.4547038078308105,,,,,,,,,,,,,
27.360000610351562,,,,50.0,,,,,,,,,,,,,,,,,,,,,,,,,,,,,,,,,,,,,,,26.399999618530273,,,,,,,,,6.630000114440918,,,,,,,,7.237092971801758,,,,,,,,,,,,,
27.8700008392334,,,,49.0,,,,,,,,,,,,,,,,,,,,,,,,,,,,,,,,,,,,,,,26.200000762939453,,,,,,,,,6.519999980926514,,,,,,,,7.139294147491455,,,,,,,,,,,,,
28.15999984741211,,,,51.0,,,,,,,,,,,,,,,,,,,,,,,,,,,,,,,,,,,,,,,26.309999465942383,,,,,,,,,6.539999961853027,,,,,,,,7.432690143585205,,,,,,,,,,,,,
28.219999313354492,,,,50.0,,,,,,,,,,,,,,,,,,,,,,,,,,,,,,,,,,,,,,,26.079999923706055,,,,,,,,,6.639999866485596,,,,,,,,7.726085186004639,,,,,,,,,,,,,
27.969999313354492,,,,51.0,,,,,,,,,,,,,,,,,,,,,,,,,,,,,,,,,,,,,,,25.670000076293945,,,,,,,,,6.239999771118164,,,,,,,,8.410675048828125,,,,,,,,,,,,,
28.450000762939453,,,,53.0,,,,,,,,,,,,,,,,,,,,,,,,,,,,,,,,,,,,,,,26.299999237060547,,,,,,,,,6.260000228881836,,,,,,,,8.997467041015625,,,,,,,,,,,,,
28.90999984741211,,,,54.0,,,,,,,,,,,,,,,,,,,,,,,,,,,,,,,,,,,,,,,25.850000381469727,,,,,,,,,6.300000190734863,,,,,,,,9.779854774475098,,,,,,,,,,,,,
28.940000534057617,,,,54.0,,,,,,,,,,,,,,,,,,,,,,,,,,,,,,,,,,,,,,,25.360000610351562,,,,,,,,,6.150000095367432,,,,,,,,9.38866138458252,,,,,,,,,,,,,
29.139999389648438,,,,56.0,,,,,,,,,,,,,,,,,,,,,,,,,,,,,,,,,,,,,,,25.059999465942383,,,,,,,,,6.28000020980835,,,,,,,,9.682056427001953,,,,,,,,,,,,,
29.139999389648438,,,,56.0,,,,,,,,,,,,,,,,,,,,,,,,,,,,,,,,,,,,,,,25.059999465942383,,,,,,,,,6.28000020980835,,,,,,,,9.682056427001953,,,,,,,,,,,,,
28.899999618530273,,,,64.0,,,,,,,,,,,,,,,,,,,,,,,,,,,,,,,,,,,,,,,25.489999771118164,,,,,,,,,6.5,,,,,,,,9.584258079528809,,,,,,,,,,,,,
28.360000610351562,,,,64.0,,,,,,,,,,,,,,,,,,,,,,,,,,,,,,,,,,,,,,,25.0,,,,,,,,,6.260000228881836,,,,,,,,9.486458778381348,,,,,,,,,,,,,
28.149999618530273,,,,66.0,,,,,,,,,,,,,,,,,,,,,,,,,,,,,,,,,,,,,,,25.399999618530273,,,,,,,,,6.110000133514404,,,,,,,,9.38866138458252,,,,,,,,,,,,,
28.549999237060547,,,,67.0,,,,,,,,,,,,,,,,,,,,,,,,,,,,,,,,,,,,,,,25.950000762939453,,,,,,,,,6.139999866485596,,,,,,,,9.38866138458252,,,,,,,,,,,,,
28.389999389648438,,,,59.0,,,,,,,,,,,,,,,,,,,,,,,,,,,,,,,,,,,,,,,25.639999389648438,,,,,,,,,6.010000228881836,,,,,,,,8.606271743774414,,,,,,,,,,,,,
28.729999542236328,,,,60.0,,,,,,,,,,,,,,,,,,,,,,,,,,,,,,,,,,,,,,,25.100000381469727,,,,,,,,,6.119999885559082,,,,,,,,8.508474349975586,,,,,,,,,,,,,
28.350000381469727,,,,58.0,,,,,,,,,,,,,,,,,,,,,,,,,,,,,,,,,,,,,,,24.100000381469727,,,,,,,,,5.800000190734863,,,,,,,,8.899667739868164,,,,,,,,,,,,,
29.059999465942383,,,,54.0,,,,,,,,,,,,,,,,,,,,,,,,,,,,,,,,,,,,,,,24.100000381469727,,,,,,,,,5.949999809265137,,,,,,,,8.606271743774414,,,,,,,,,,,,,
29.93000030517578,,,,59.0,,,,,,,,,,,,,,,,,,,,,,,,,,,,,,,,,,,,,,,24.18000030517578,,,,,,,,,6.320000171661377,,,,,,,,9.193063735961914,,,,,,,,,,,,,
30.899999618530273,,,,59.0,,,,,,,,,,,,,,,,,,,,,,,,,,,,,,,,,,,,,,,24.450000762939453,,,,,,,,,6.5,,,,,,,,9.975452423095703,,,,,,,,,,,,,
31.280000686645508,,,,65.0,,,,,,,,,,,,,,,,,,,,,,,,,,,,,,,,,,,,,,,24.209999084472656,,,,,,,,,6.820000171661377,,,,,,,,10.953437805175781,,,,,,,,,,,,,
31.559999465942383,,,,67.0,,,,,,,,,,,,,,,,,,,,,,,,,,,,,,,,,,,,,,,24.8700008392334,,,,,,,,,6.909999847412109,,,,,,,,12.616012573242188,,,,,,,,,,,,,
31.600000381469727,,,,68.0,,,,,,,,,,,,,,,,,,,,,,,,,,,,,,,,,,,,,,,24.809999465942383,,,,,,,,,7.079999923706055,,,,,,,,14.76758098602295,,,,,,,,,,,,,
31.549999237060547,,,,63.0,,,,,,,,,,,,,,,,,,,,,,,,,,,,,,,,,,,,,,,24.959999084472656,,,,,,,,,7.050000190734863,,,,,,,,16.33235740661621,,,,,,,,,,,,,
32.16999816894531,,,,67.0,,,,,,,,,,,,,,,,,,,,,,,,,,,,,,,,,,,,,,,27.0,,,,,,,,,7.130000114440918,,,,,,,,15.647768020629883,,,,,,,,,,,,,
32.349998474121094,,,,68.0,,,,,,,,,,,,,,,,,,,,,,,,,,,,,,,,,,,,,,,28.84000015258789,,,,,,,,,7.340000152587891,,,,,,,,16.82135009765625,,,,,,,,,,,,,
31.440000534057617,,,,68.0,,,,,,,,,,,,,,,,,,,,,,,,,,,,,,,,,,,,,,,28.799999237060547,,,,,,,,,7.119999885559082,,,,,,,,16.33235740661621,,,,,,,,,,,,,
31.110000610351562,,,,70.0,,,,,,,,,,,,,,,,,,,,,,,,,,,,,,,,,,,,,,,29.219999313354492,,,,,,,,,7.489999771118164,,,,,,,,16.03896141052246,,,,,,,,,,,,,
32.400001525878906,,,,77.0,,,,,,,,,,,,,,,,,,,,,,,,,,,,,,,,,,,,,,,28.959999084472656,,,,,,,,,7.829999923706055,,,,,,,,15.647768020629883,,,,,,,,,,,,,
32.279998779296875,,,,81.0,,,,,,,,,,,,,,,,,,,,,,,,,,,,,,,,,,,,,,,28.100000381469727,,,,,,,,,7.739999771118164,,,,,,,,16.5279541015625,,,,,,,,,,,,,
32.20000076293945,,,,81.0,,,,,,,,,,,,,,,,,,,,,,,,,,,,,,,,,,,,,,,27.940000534057617,,,,,,,,,7.659999847412109,,,,,,,,16.82135009765625,,,,,,,,,,,,,
31.729999542236328,,,,69.0,,,,,,,,,,,,,,,,,,,,,,,,,,,,,,,,,,,,,,,27.299999237060547,,,,,,,,,7.309999942779541,,,,,,,,16.03896141052246,,,,,,,,,,,,,
31.25,,,,57.0,,,,,,,,,,,,,,,,,,,,,,,,,,,,,,,,,,,,,,,27.290000915527344,,,,,,,,,7.400000095367432,,,,,,,,15.647768020629883,,,,,,,,,,,,,
30.799999237060547,,,,51.0,,,,,,,,,,,,,,,,,,,,,,,,,,,,,,,,,,,,,,,27.25,,,,,,,,,7.400000095367432,,,,,,,,14.76758098602295,,,,,,,,,,,,,
31.149999618530273,,,,30.0,,,,,,,,,,,,,,,,,,,,,,,,,,,,,,,,,,,,,,,27.579999923706055,,,,,,,,,7.369999885559082,,,,,,,,13.789595603942871,,,,,,,,,,,,,
32.150001525878906,,,,42.0,,,,,,,,,,,,,,,,,,,,,,,,,,,,,,,,,,,,,,,27.100000381469727,,,,,,,,,7.829999923706055,,,,,,,,16.33235740661621,,,,,,,,,,,,,
32.13999938964844,,,,41.0,,,,,,,,,,,,,,,,,,,,,,,,,,,,,,,,,,,,,,,27.299999237060547,,,,,,,,,8.109999656677246,,,,,,,,16.234560012817383,,,,,,,,,,,,,
32.31999969482422,,,,41.0,,,,,,,,,,,,,,,,,,,,,,,,,,,,,,,,,,,,,,,27.700000762939453,,,,,,,,,8.369999885559082,,,,,,,,16.234560012817383,,,,,,,,,,,,,
32.20000076293945,,,,52.0,,,,,,,,,,,,,,,,,,,,,,,,,,,,,,,,,,,,,,,27.190000534057617,,,,,,,,,8.699999809265137,,,,,,,,16.136760711669922,,,,,,,,,,,,,
33.06999969482422,,,,43.0,,,,,,,,,,,,,,,,,,,,,,,,,,,,,,,,,,,,,,,27.690000534057617,,,,,,,,,9.100000381469727,,,,,,,,15.843364715576172,,,,,,,,,,,,,
33.68000030517578,,,,38.0,,,,,,,,,,,,,,,,,,,,,,,,,,,,,,,,,,,,,,,28.25,,,,,,,,,8.850000381469727,,,,,,,,14.86538028717041,,,,,,,,,,,,,
32.95000076293945,,,,38.0,,,,,,,,,,,,,,,,,,,,,,,,,,,,,,,,,,,,,,,28.6299991607666,,,,,,,,,8.770000457763672,,,,,,,,14.963177680969238,,,,,,,,,,,,,
33.20000076293945,,,,39.0,,,,,,,,,,,,,,,,,,,,,,,,,,,,,,,,,,,,,,,28.530000686645508,,,,,,,,,8.899999618530273,,,,,,,,15.647768020629883,,,,,,,,,,,,,
33.11000061035156,,,,39.0,,,,,,,,,,,,,,,,,,,,,,,,,,,,,,,,,,,,,,,28.469999313354492,,,,,,,,,8.970000267028809,,,,,,,,16.430156707763672,,,,,,,,,,,,,
33.08000183105469,,,,38.0,,,,,,,,,,,,,,,,,,,,,,,,,,,,,,,,,,,,,,,28.59000015258789,,,,,,,,,8.890000343322754,,,,,,,,16.91914939880371,,,,,,,,,,,,,
32.97999954223633,,,,40.0,,,,,,,,,,,,,,,,,,,,,,,,,,,,,,,,,,,,,,,28.040000915527344,,,,,,,,,8.899999618530273,,,,,,,,16.91914939880371,,,,,,,,,,,,,
33.0,,,,44.0,,,,,,,,,,,,,,,,,,,,,,,,,,,,,,,,,,,,,,,28.190000534057617,,,,,,,,,9.119999885559082,,,,,,,,18.581724166870117,,,,,,,,,,,,,
32.599998474121094,,,,40.0,,,,,,,,,,,,,,,,,,,,,,,,,,,,,,,,,,,,,,,27.149999618530273,,,,,,,,,9.0,,,,,,,,18.679523468017578,,,,,,,,,,,,,
32.400001525878906,,,,38.0,,,,,,,,,,,,,,,,,,,,,,,,,,,,,,,,,,,,,,,26.540000915527344,,,,,,,,,9.020000457763672,,,,,,,,18.288328170776367,,,,,,,,,,,,,
32.75,,,,39.0,,,,,,,,,,,,,,,,,,,,,,,,,,,,,,,,,,,,,,,26.979999542236328,,,,,,,,,9.079999923706055,,,,,,,,17.799335479736328,,,,,,,,,,,,,
32.27000045776367,,,,38.0,,,,,,,,,,,,,,,,,,,,,,,,,,,,,,,,,,,,,,,25.940000534057617,,,,,,,,,9.0600004196167,,,,,,,,17.60373878479004,,,,,,,,,,,,,
32.61000061035156,,,,37.0,,,,,,,,,,,,,,,,,,,,,,,,,,,,,,,,,,,,,,,26.299999237060547,,,,,,,,,8.989999771118164,,,,,,,,17.40814208984375,,,,,,,,,,,,,
32.65999984741211,,,,31.0,,,,,,,,,,,,,,,,,,,,,,,,,,,,,,,,,,,,,,,26.280000686645508,,,,,,,,,8.800000190734863,,,,,,,,17.21254539489746,,,,,,,,,,,,,
32.08000183105469,,,,28.0,,,,,,,,,,,,,,,,,,,,,,,,,,,,,,,,,,,,,,,26.75,,,,,,,,,8.960000038146973,,,,,,,,17.40814208984375,,,,,,,,,,,,,
31.540000915527344,,,,21.0,,,,,,,,,,,,,,,,,,,,,,,,,,,,,,,,,,,,,,,25.469999313354492,,,,,,,,,8.550000190734863,,,,,,,,16.136760711669922,,,,,,,,,,,,,
31.860000610351562,,,,24.0,,,,,,,,,,,,,,,,,,,,,,,,,,,,,,,,,,,,,,,26.469999313354492,,,,,,,,,8.8100004196167,,,,,,,,16.03896141052246,,,,,,,,,,,,,
31.81999969482422,,,,22.0,,,,,,,,,,,,,,,,,,,,,,,,,,,,,,,,,,,,,,,26.3700008392334,,,,,,,,,8.920000076293945,,,,,,,,15.256573677062988,,,,,,,,,,,,,
31.450000762939453,,,,22.0,,,,,,,,,,,,,,,,,,,,,,,,,,,,,,,,,,,,,,,26.110000610351562,,,,,,,,,8.800000190734863,,,,,,,,15.0609769821167,,,,,,,,,,,,,
31.84000015258789,,,,23.0,,,,,,,,,,,,,,,,,,,,,,,,,,,,,,,,,,,,,,,26.530000686645508,,,,,,,,,8.779999732971191,,,,,,,,16.136760711669922,,,,,,,,,,,,,
31.389999389648438,,,,20.0,,,,,,,,,,,,,,,,,,,,,,,,,,,,,,,,,,,,,,,26.170000076293945,,,,,,,,,8.649999618530273,,,,,,,,14.963177680969238,,,,,,,,,,,,,
31.18000030517578,,,,21.0,,,,,,,,,,,,,,,,,,,,,,,,,,,,,,,,,,,,,,,27.049999237060547,,,,,,,,,8.600000381469727,,,,,,,,15.256573677062988,,,,,,,,,,,,,
30.469999313354492,,,,21.0,,,,,,,,,,,,,,,,,,,,,,,,,,,,,,,,,,,,,,,26.940000534057617,,,,,,,,,8.729999542236328,,,,,,,,15.35437297821045,,,,,,,,,,,,,
30.559999465942383,,,,22.0,,,,,,,,,,,,,,,,,,,,,,,,,,,,,,,,,,,,,,,26.8799991607666,,,,,,,,,8.899999618530273,,,,,,,,15.941164016723633,,,,,,,,,,,,,
31.020000457763672,,,,21.0,,,,,,,,,,,,,,,,,,,,,,,,,,,,,,,,,,,,,,,27.100000381469727,,,,,,,,,8.899999618530273,,,,,,,,13.496199607849121,,,,,,,,,,,,,
32.27000045776367,,,,23.0,,,,,,,,,,,,,,,,,,,,,,,,,,,,,,,,,,,,,,,27.940000534057617,,,,,,,,,8.9399995803833,,,,,,,,13.105006217956543,,,,,,,,,,,,,
32.20000076293945,,,,34.0,,,,,,,,,,,,,,,,,,,,,,,,,,,,,,,,,,,,,,,27.610000610351562,,,,,,,,,8.800000190734863,,,,,,,,13.300602912902832,,,,,,,,,,,,,
32.310001373291016,,,,47.0,,,,,,,,,,,,,,,,,,,,,,,,,,,,,,,,,,,,,,,27.280000686645508,,,,,,,,,9.050000190734863,,,,,,,,12.909408569335938,,,,,,,,,,,,,
32.95000076293945,,,,40.0,,,,,,,,,,,,,,,,,,,,,,,,,,,,,,,,,,,,,,,27.479999542236328,,,,,,,,,8.920000076293945,,,,,,,,12.909408569335938,,,,,,,,,,,,,
31.690000534057617,,,,41.0,,,,,,,,,,,,,,,,,,,,,,,,,,,,,,,,,,,,,,,27.479999542236328,,,,,,,,,8.960000038146973,,,,,,,,12.811610221862793,,,,,,,,,,,,,
32.369998931884766,,,,44.0,,,,,,,,,,,,,,,,,,,,,,,,,,,,,,,,,,,,,,,27.299999237060547,,,,,,,,,9.039999961853027,,,,,,,,12.22481918334961,,,,,,,,,,,,,
32.79999923706055,,,,43.0,,,,,,,,,,,,,,,,,,,,,,,,,,,,,,,,,,,,,,,28.350000381469727,,,,,,,,,9.6899995803833,,,,,,,,12.127019882202148,,,,,,,,,,,,,
32.209999084472656,,,,39.0,,,,,,,,,,,,,,,,,,,,,,,,,,,,,,,,,,,,,,,27.799999237060547,,,,,,,,,9.84000015258789,,,,,,,,11.93142318725586,,,,,,,,,,,,,
32.25,,,,36.0,,,,,,,,,,,,,,,,,,,,,,,,,,,,,,,,,,,,,,,28.600000381469727,,,,,,,,,9.550000190734863,,,,,,,,11.833624839782715,,,,,,,,,,,,,
32.25,,,,29.0,,,,,,,,,,,,,,,,,,,,,,,,,,,,,,,,,,,,,,,27.989999771118164,,,,,,,,,9.59000015258789,,,,,,,,11.735825538635254,,,,,,,,,,,,,
32.650001525878906,,,,29.0,,,,,,,,,,,,,,,,,,,,,,,,,,,,,,,,,,,,,,,28.1200008392334,,,,,,,,,10.1899995803833,,,,,,,,12.22481918334961,,,,,,,,,,,,,
32.45000076293945,,,,23.0,,,,,,,,,,,,,,,,,,,,,,,,,,,,,,,,,,,,,,,28.68000030517578,,,,,,,,,10.09000015258789,,,,,,,,11.833624839782715,,,,,,,,,,,,,
32.56999969482422,,,,17.0,,,,,,,,,,,,,,,,,,,,,,,,,,,,,,,,,,,,,,,28.649999618530273,,,,,,,,,9.949999809265137,,,,,,,,11.735825538635254,,,,,,,,,,,,,
32.84000015258789,,,,13.0,,,,,,,,,,,,,,,,,,,,,,,,,,,,,,,,,,,,,,,29.15999984741211,,,,,,,,,10.0,,,,,,,,11.540228843688965,,,,,,,,,,,,,
33.45000076293945,,,,14.0,,,,,,,,,,,,,,,,,,,,,,,,,,,,,,,,,,,,,,,29.309999465942383,,,,,,,,,9.8100004196167,,,,,,,,11.735825538635254,,,,,,,,,,,,,
34.220001220703125,,,,15.0,,,,,,,,,,,,,,,,,,,,,,,,,,,,,,,,,,,,,,,28.670000076293945,,,,,,,,,9.850000381469727,,,,,,,,11.93142318725586,,,,,,,,,,,,,
33.970001220703125,,,,16.0,,,,,,,,,,,,,,,,,,,,,,,,,,,,,,,,,,,,,,,29.100000381469727,,,,,,,,,9.350000381469727,,,,,,,,11.442429542541504,,,,,,,,,,,,,
34.439998626708984,,,,15.0,,,,,,,,,,,,,,,,,,,,,,,,,,,,,,,,,,,,,,,28.399999618530273,,,,,,,,,8.699999809265137,,,,,,,,11.540228843688965,,,,,,,,,,,,,
33.31999969482422,,,,15.0,,,,,,,,,,,,,,,,,,,,,,,,,,,,,,,,,,,,,,,28.790000915527344,,,,,,,,,9.5,,,,,,,,11.63802719116211,,,,,,,,,,,,,
32.86000061035156,,,,15.0,,,,,,,,,,,,,,,,,,,,,,,,,,,,,,,,,,,,,,,29.239999771118164,,,,,,,,,9.520000457763672,,,,,,,,11.735825538635254,,,,,,,,,,,,,
33.25,,,,15.0,,,,,,,,,,,,,,,,,,,,,,,,,,,,,,,,,,,,,,,29.350000381469727,,,,,,,,,9.369999885559082,,,,,,,,11.93142318725586,,,,,,,,,,,,,
32.43000030517578,,,,15.0,,,,,,,,,,,,,,,,,,,,,,,,,,,,,,,,,,,,,,,28.709999084472656,,,,,,,,,9.4399995803833,,,,,,,,11.63802719116211,,,,,,,,,,,,,
32.060001373291016,,,,15.0,,,,,,,,,,,,,,,,,,,,,,,,,,,,,,,,,,,,,,,28.969999313354492,,,,,,,,,9.520000457763672,,,,,,,,11.246832847595215,,,,,,,,,,,,,
32.400001525878906,,,,15.0,,,,,,,,,,,,,,,,,,,,,,,,,,,,,,,,,,,,,,,29.059999465942383,,,,,,,,,9.949999809265137,,,,,,,,11.344632148742676,,,,,,,,,,,,,
32.400001525878906,,,,15.0,,,,,,,,,,,,,,,,,,,,,,,,,,,,,,,,,,,,,,,29.059999465942383,,,,,,,,,9.949999809265137,,,,,,,,11.344632148742676,,,,,,,,,,,,,
33.06999969482422,,,,15.0,,,,,,,,,,,,,,,,,,,,,,,,,,,,,,,,,,,,,,,29.450000762939453,,,,,,,,,10.0600004196167,,,,,,,,12.127019882202148,,,,,,,,,,,,,
32.7599983215332,,,,14.0,,,,,,,,,,,,,,,,,,,,,,,,,,,,,,,,,,,,,,,28.649999618530273,,,,,,,,,9.699999809265137,,,,,,,,10.366645812988281,,,,,,,,,,,,,
32.7599983215332,,,,14.0,,,,,,,,,,,,,,,,,,,,,,,,,,,,,,,,,,,,,,,28.649999618530273,,,,,,,,,9.699999809265137,,,,,,,,10.366645812988281,,,,,,,,,,,,,
32.29999923706055,,,,14.0,,,,,,,,,,,,,,,,,,,,,,,,,,,,,,,,,,,,,,,28.799999237060547,,,,,,,,,9.770000457763672,,,,,,,,9.975452423095703,,,,,,,,,,,,,
32.65999984741211,,,,14.0,,,,,,,,,,,,,,,,,,,,,,,,,,,,,,,,,,,,,,,28.399999618530273,,,,,,,,,9.800000190734863,,,,,,,,10.464445114135742,,,,,,,,,,,,,
31.969999313354492,,,,15.0,,,,,,,,,,,,,,,,,,,,,,,,,,,,,,,,,,,,,,,28.0,,,,,,,,,9.949999809265137,,,,,,,,10.171049118041992,,,,,,,,,,,,,
30.8700008392334,,,,14.0,,,,,,,,,,,,,,,,,,,,,,,,,,,,,,,,,,,,,,,27.59000015258789,,,,,,,,,9.789999961853027,,,,,,,,9.779854774475098,,,,,,,,,,,,,
31.450000762939453,,,,15.0,,,,,,,,,,,,,,,,,,,,,,,,,,,,,,,,,,,,,,,27.799999237060547,,,,,,,,,9.770000457763672,,,,,,,,10.073250770568848,,,,,,,,,,,,,
32.790000915527344,,,,16.0,,,,,,,,,,,,,,,,,,,,,,,,,,,,,,,,,,,,,,,27.790000915527344,,,,,,,,,9.460000038146973,,,,,,,,9.682056427001953,,,,,,,,,,,,,
32.63999938964844,,,,16.0,,,,,,,,,,,,,,,,,,,,,,,,,,,,,,,,,,,,,,,27.889999389648438,,,,,,,,,9.5600004196167,,,,,,,,8.80186939239502,,,,,,,,,,,,,
32.209999084472656,,,,18.0,,,,,,,,,,,,,,,,,,,,,,,,,,,,,,,,,,,,,,,27.299999237060547,,,,,,,,,9.170000076293945,,,,,,,,7.823884010314941,,,,,,,,,,,,,
32.47999954223633,,,,20.0,,,,,,,,,,,,,,,,,,,,,,,,,,,,,,,,,,,,,,,27.18000030517578,,,,,,,,,9.119999885559082,,,,,,,,8.899667739868164,,,,,,,,,,,,,
32.849998474121094,,,,19.0,,,,,,,,,,,,,,,,,,,,,,,,,,,,,,,,,,,,,,,27.959999084472656,,,,,,,,,9.260000228881836,,,,,,,,8.997467041015625,,,,,,,,,,,,,
32.95000076293945,,,,22.0,,,,,,,,,,,,,,,,,,,,,,,,,,,,,,,,,,,,,,,27.760000228881836,,,,,,,,,9.420000076293945,,,,,,,,10.366645812988281,,,,,,,,,,,,,
33.02000045776367,,,,25.0,,,,,,,,,,,,,,,,,,,,,,,,,,,,,,,,,,,,,,,27.6200008392334,,,,,,,,,9.529999732971191,,,,,,,,10.464445114135742,,,,,,,,,,,,,
32.849998474121094,,,,25.0,,,,,,,,,,,,,,,,,,,,,,,,,,,,,,,,,,,,,,,27.860000610351562,,,,,,,,,9.800000190734863,,,,,,,,10.660041809082031,,,,,,,,,,,,,
32.20000076293945,,,,25.0,,,,,,,,,,,,,,,,,,,,,,,,,,,,,,,,,,,,,,,27.639999389648438,,,,,,,,,9.649999618530273,,,,,,,,10.073250770568848,,,,,,,,,,,,,
31.950000762939453,,,,24.0,,,,,,,,,,,,,,,,,,,,,,,,,,,,,,,,,,,,,,,27.700000762939453,,,,,,,,,9.699999809265137,,,,,,,,10.464445114135742,,,,,,,,,,,,,
31.790000915527344,,,,23.0,,,,,,,,,,,,,,,,,,,,,,,,,,,,,,,,,,,,,,,27.440000534057617,,,,,,,,,9.279999732971191,,,,,,,,10.073250770568848,,,,,,,,,,,,,
31.790000915527344,,,,22.0,,,,,,,,,,,,,,,,,,,,,,,,,,,,,,,,,,,,,,,26.6299991607666,,,,,,,,,9.210000038146973,,,,,,,,10.171049118041992,,,,,,,,,,,,,
31.739999771118164,,,,21.0,,,,,,,,,,,,,,,,,,,,,,,,,,,,,,,,,,,,,,,26.389999389648438,,,,,,,,,9.619999885559082,,,,,,,,10.073250770568848,,,,,,,,,,,,,
31.889999389648438,,,,20.0,,,,,,,,,,,,,,,,,,,,,,,,,,,,,,,,,,,,,,,26.34000015258789,,,,,,,,,11.25,,,,,,,,10.660041809082031,,,,,,,,,,,,,
32.349998474121094,,,,20.0,,,,,,,,,,,,,,,,,,,,,,,,,,,,,,,,,,,,,,,27.559999465942383,,,,,,,,,12.149999618530273,,,,,,,,11.442429542541504,,,,,,,,,,,,,
31.8799991607666,,,,21.0,,,,,,,,,,,,,,,,,,,,,,,,,,,,,,,,,,,,,,,27.5,,,,,,,,,10.720000267028809,,,,,,,,10.464445114135742,,,,,,,,,,,,,
31.799999237060547,,,,19.0,,,,,,,,,,,,,,,,,,,,,,,,,,,,,,,,,,,,,,,27.899999618530273,,,,,,,,,10.670000076293945,,,,,,,,10.562243461608887,,,,,,,,,,,,,
31.799999237060547,,,,19.0,,,,,,,,,,,,,,,,,,,,,,,,,,,,,,,,,,,,,,,27.899999618530273,,,,,,,,,10.670000076293945,,,,,,,,10.562243461608887,,,,,,,,,,,,,
31.899999618530273,,,,22.0,,,,,,,,,,,,,,,,,,,,,,,,,,,,,,,,,,,,,,,28.200000762939453,,,,,,,,,10.239999771118164,,,,,,,,10.757840156555176,,,,,,,,,,,,,
32.40999984741211,,,,23.0,,,,,,,,,,,,,,,,,,,,,,,,,,,,,,,,,,,,,,,27.860000610351562,,,,,,,,,9.729999542236328,,,,,,,,10.953437805175781,,,,,,,,,,,,,
32.72999954223633,,,,24.0,,,,,,,,,,,,,,,,,,,,,,,,,,,,,,,,,,,,,,,27.649999618530273,,,,,,,,,9.359999656677246,,,,,,,,10.562243461608887,,,,,,,,,,,,,
32.72999954223633,,,,24.0,,,,,,,,,,,,,,,,,,,,,,,,,,,,,,,,,,,,,,,27.649999618530273,,,,,,,,,9.359999656677246,,,,,,,,10.562243461608887,,,,,,,,,,,,,
