VALE5.SA,PETR4.SA,ITUB4.SA,B3SA3.SA,OGXP3.SA,VALE3.SA,BBDC4.SA,BBAS3.SA,PDGR3.SA,USIM5.SA,GGBR4.SA,ITSA4.SA,PETR3.SA,HYPE3.SA,GFSA3.SA,CSNA3.SA,BRFS3.SA,ABEV3.SA,MRVE3.SA,CYRE3.SA,CIEL3.SA,CCRO3.SA,OIBR4.SA,LREN3.SA,BRML3.SA,TIMS3.SA,LAME4.SA,FIBR3.SA,NATU3.SA,SUZB5.SA,HGTX3.SA,VIVT4.SA,SANB11.SA,MMXM3.SA,RSID3.SA,GOLL4.SA,BRAP4.SA,KLBN4.SA,CSAN3.SA,CMIG4.SA,JBSS3.SA,CRUZ3.SA,RENT3.SA,DASA3.SA,ALLL3.SA,BISA3.SA,BRKM5.SA,AMER3.SA,GOAU4.SA,CTIP3.SA,EMBR3.SA,ELPL4.SA,PCAR4.SA,UGPA3.SA,MRFG3.SA,DXCO3.SA,USIM3.SA,CPFE3.SA,LIGT3.SA,PRML3.SA,CPLE6.SA,TESA3.SA,SBSP3.SA,CESP6.SA,ELET6.SA,OIBR3.SA,ELET3.SA,TRPL4.SA,^BVSP
40.470001220703125,,,,1394.0,,,,,,,,,,,,,,,,,,,,,,,15.029999732971191,,,,,,,,,,,,,,,,,,,,,,,,36.06999969482422,,,,,,,,33.740501403808594,,,,,,,,,
40.790000915527344,,,,1393.0,,,,,,,,,,,,,,,,,,,,,,,14.779999732971191,,,,,,,,,,,,,,,,,,,,,,,,36.150001525878906,,,,,,,,34.033897399902344,,,,,,,,,
39.7599983215332,,,,1360.0,,,,,,,,,,,,,,,,,,,,,,,14.399999618530273,,,,,,,,,,,,,,,,,,,,,,,,36.31999969482422,,,,,,,,33.83829879760742,,,,,,,,,
39.459999084472656,,,,1355.0,,,,,,,,,,,,,,,,,,,,,,,14.329999923706055,,,,,,,,,,,,,,,,,,,,,,,,36.75,,,,,,,,33.349308013916016,,,,,,,,,
39.5,,,,1374.0,,,,,,,,,,,,,,,,,,,,,,,14.289999961853027,,,,,,,,,,,,,,,,,,,,,,,,37.029998779296875,,,,,,,,32.95811080932617,,,,,,,,,
39.5099983215332,,,,1398.0,,,,,,,,,,,,,,,,,,,,,,,14.75,,,,,,,,,,,,,,,,,,,,,,,,37.119998931884766,,,,,,,,33.25150680541992,,,,,,,,,
39.810001373291016,,,,1423.0,,,,,,,,,,,,,,,,,,,,,,,14.789999961853027,,,,,,,,,,,,,,,,,,,,,,,,37.13999938964844,,,,,,,,33.447105407714844,,,,,,,,,
39.36000061035156,,,,1426.0,,,,,,,,,,,,,,,,,,,,,,,14.8100004196167,,,,,,,,,,,,,,,,,,,,,,,,37.04999923706055,,,,,,,,33.447105407714844,,,,,,,,,
38.95000076293945,,,,1416.0,,,,,,,,,,,,,,,,,,,,,,,14.699999809265137,,,,,,,,,,,,,,,,,,,,,,,,37.13999938964844,,,,,,,,32.860313415527344,,,,,,,,,
39.29999923706055,,,,1498.0,,,,,,,,,,,,,,,,,,,,,,,14.699999809265137,,,,,,,,,,,,,,,,,,,,,,,,36.95000076293945,,,,,,,,32.860313415527344,,,,,,,,,
41.130001068115234,,,,1589.0,,,,,,,,,,,,,,,,,,,,,,,15.109999656677246,,,,,,,,,,,,,,,,,,,,,,,,36.29999923706055,,,,,,,,33.740501403808594,,,,,,,,,
41.04999923706055,,,,1554.0,,,,,,,,,,,,,,,,,,,,,,,15.029999732971191,,,,,,,,,,,,,,,,,,,,,,,,35.900001525878906,,,,,,,,35.20747756958008,,,,,,,,,
40.9900016784668,,,,1564.0,,,,,,,,,,,,,,,,,,,,,,,15.300000190734863,,,,,,,,,,,,,,,,,,,,,,,,35.619998931884766,,,,,,,,36.38106155395508,,,,,,,,,
41.04999923706055,,,,1565.0,,,,,,,,,,,,,,,,,,,,,,,15.289999961853027,,,,,,,,,,,,,,,,,,,,,,,,35.36000061035156,,,,,,,,35.79426956176758,,,,,,,,,
41.58000183105469,,,,1583.0,,,,,,,,,,,,,,,,,,,,,,,15.520000457763672,,,,,,,,,,,,,,,,,,,,,,,,35.70000076293945,,,,,,,,35.59867477416992,,,,,,,,,
41.58000183105469,,,,1583.0,,,,,,,,,,,,,,,,,,,,,,,15.520000457763672,,,,,,,,,,,,,,,,,,,,,,,,35.70000076293945,,,,,,,,35.59867477416992,,,,,,,,,
41.22999954223633,,,,1600.0,,,,,,,,,,,,,,,,,,,,,,,14.949999809265137,,,,,,,,,,,,,,,,,,,,,,,,35.63999938964844,,,,,,,,35.59867477416992,,,,,,,,,
41.31999969482422,,,,1605.0,,,,,,,,,,,,,,,,,,,,,,,14.800000190734863,,,,,,,,,,,,,,,,,,,,,,,,35.41999816894531,,,,,,,,35.89207077026367,,,,,,,,,
41.630001068115234,,,,1615.0,,,,,,,,,,,,,,,,,,,,,,,14.729999542236328,,,,,,,,,,,,,,,,,,,,,,,,35.68000030517578,,,,,,,,34.8162841796875,,,,,,,,,
42.689998626708984,,,,1655.0,,,,,,,,,,,,,,,,,,,,,,,14.25,,,,,,,,,,,,,,,,,,,,,,,,36.209999084472656,,,,,,,,34.91408157348633,,,,,,,,,
43.54999923706055,,,,1749.0,,,,,,,,,,,,,,,,,,,,,,,14.3100004196167,,,,,,,,,,,,,,,,,,,,,,,,36.70000076293945,,,,,,,,36.38106155395508,,,,,,,,,
43.68000030517578,,,,1703.0,,,,,,,,,,,,,,,,,,,,,,,14.529999732971191,,,,,,,,,,,,,,,,,,,,,,,,37.119998931884766,,,,,,,,35.403076171875,,,,,,,,,
43.83000183105469,,,,1730.0,,,,,,,,,,,,,,,,,,,,,,,15.180000305175781,,,,,,,,,,,,,,,,,,,,,,,,36.709999084472656,,,,,,,,35.9898681640625,,,,,,,,,
43.91999816894531,,,,1726.0,,,,,,,,,,,,,,,,,,,,,,,15.300000190734863,,,,,,,,,,,,,,,,,,,,,,,,36.5,,,,,,,,36.38106155395508,,,,,,,,,
43.970001220703125,,,,1746.0,,,,,,,,,,,,,,,,,,,,,,,15.579999923706055,,,,,,,,,,,,,,,,,,,,,,,,36.70000076293945,,,,,,,,37.163448333740234,,,,,,,,,
43.650001525878906,,,,1731.0,,,,,,,,,,,,,,,,,,,,,,,15.949999809265137,,,,,,,,,,,,,,,,,,,,,,,,36.5099983215332,,,,,,,,37.065650939941406,,,,,,,,,
43.380001068115234,,,,1730.0,,,,,,,,,,,,,,,,,,,,,,,15.819999694824219,,,,,,,,,,,,,,,,,,,,,,,,36.400001525878906,,,,,,,,35.79426956176758,,,,,,,,,
42.630001068115234,,,,1682.0,,,,,,,,,,,,,,,,,,,,,,,15.529999732971191,,,,,,,,,,,,,,,,,,,,,,,,36.7599983215332,,,,,,,,35.30527877807617,,,,,,,,,
43.72999954223633,,,,1682.0,,,,,,,,,,,,,,,,,,,,,,,15.529999732971191,,,,,,,,,,,,,,,,,,,,,,,,36.81999969482422,,,,,,,,35.30527877807617,,,,,,,,,
42.880001068115234,,,,1726.0,,,,,,,,,,,,,,,,,,,,,,,15.800000190734863,,,,,,,,,,,,,,,,,,,,,,,,36.90999984741211,,,,,,,,35.89207077026367,,,,,,,,,
42.08000183105469,,,,1725.0,,,,,,,,,,,,,,,,,,,,,,,16.0,,,,,,,,,,,,,,,,,,,,,,,,37.04999923706055,,,,,,,,36.478858947753906,,,,,,,,,
42.36000061035156,,,,1730.0,,,,,,,,,,,,,,,,,,,,,,,16.459999084472656,,,,,,,,,,,,,,,,,,,,,,,,37.150001525878906,,,,,,,,36.08766555786133,,,,,,,,,
41.9900016784668,,,,1765.0,,,,,,,,,,,,,,,,,,,,,,,16.5,,,,,,,,,,,,,,,,,,,,,,,,37.2400016784668,,,,,,,,36.08766555786133,,,,,,,,,
41.9900016784668,,,,1765.0,,,,,,,,,,,,,,,,,,,,,,,16.5,,,,,,,,,,,,,,,,,,,,,,,,37.2400016784668,,,,,,,,36.08766555786133,,,,,,,,,
41.97999954223633,,,,1805.0,,,,,,,,,,,,,,,,,,,,,,,16.510000228881836,,,,,,,,,,,,,,,,,,,,,,,,37.650001525878906,,,,,,,,35.89207077026367,,,,,,,,,
42.79999923706055,,,,1821.0,,,,,,,,,,,,,,,,,,,,,,,16.139999389648438,,,,,,,,,,,,,,,,,,,,,,,,37.72999954223633,,,,,,,,36.18546676635742,,,,,,,,,
42.970001220703125,,,,1818.0,,,,,,,,,,,,,,,,,,,,,,,15.329999923706055,,,,,,,,,,,,,,,,,,,,,,,,37.90999984741211,,,,,,,,37.359046936035156,,,,,,,,,
42.5,,,,1770.0,,,,,,,,,,,,,,,,,,,,,,,15.59000015258789,,,,,,,,,,,,,,,,,,,,,,,,36.95000076293945,,,,,,,,36.28326416015625,,,,,,,,,
42.900001525878906,,,,1715.0,,,,,,,,,,,,,,,,,,,,,,,15.75,,,,,,,,,,,,,,,,,,,,,,,,36.90999984741211,,,,,,,,36.18546676635742,,,,,,,,,
42.5,,,,1700.0,,,,,,,,,,,,,,,,,,,,,,,15.550000190734863,,,,,,,,,,,,,,,,,,,,,,,,36.970001220703125,,,,,,,,35.79426956176758,,,,,,,,,
42.95000076293945,,,,1718.0,,,,,,,,,,,,,,,,,,,,,,,15.260000228881836,,,,,,,,,,,,,,,,,,,,,,,,37.16999816894531,,,,,,,,36.08766555786133,,,,,,,,,
43.29999923706055,,,,1743.0,,,,,,,,,,,,,,,,,,,,,,,15.850000381469727,,,,,,,,,,,,,,,,,,,,,,,,37.470001220703125,,,,,,,,36.478858947753906,,,,,,,,,
42.040000915527344,,,,1726.0,,,,,,,,,,,,,,,,,,,,,,,15.59000015258789,,,,,,,,,,,,,,,,,,,,,,,,37.599998474121094,,,,,,,,36.96785354614258,,,,,,,,,
40.16999816894531,,,,1691.0,,,,,,,,,,,,,,,,,,,,,,,15.100000381469727,,,,,,,,,,,,,,,,,,,,,,,,37.5,,,,,,,,35.50087356567383,,,,,,,,,
40.150001525878906,,,,1711.0,,,,,,,,,,,,,,,,,,,,,,,15.199999809265137,,,,,,,,,,,,,,,,,,,,,,,,37.72999954223633,,,,,,,,36.38106155395508,,,,,,,,,
40.099998474121094,,,,1699.0,,,,,,,,,,,,,,,,,,,,,,,15.199999809265137,,,,,,,,,,,,,,,,,,,,,,,,37.650001525878906,,,,,,,,37.652442932128906,,,,,,,,,
39.93000030517578,,,,1683.0,,,,,,,,,,,,,,,,,,,,,,,15.569999694824219,,,,,,,,,,,,,,,,,,,,,,,,37.599998474121094,,,,,,,,37.163448333740234,,,,,,,,,
39.470001220703125,,,,1667.0,,,,,,,,,,,,,,,,,,,,,,,15.449999809265137,,,,,,,,,,,,,,,,,,,,,,,,37.529998779296875,,,,,,,,36.67445755004883,,,,,,,,,
41.59000015258789,,,,1713.0,,,,,,,,,,,,,,,,,,,,,,,15.670000076293945,,,,,,,,,,,,,,,,,,,,,,,,37.630001068115234,,,,,,,,39.60841369628906,,,,,,,,,
41.099998474121094,,,,1707.0,,,,,,,,,,,,,,,,,,,,,,,15.4399995803833,,,,,,,,,,,,,,,,,,,,,,,,38.400001525878906,,,,,,,,38.14143753051758,,,,,,,,,
41.45000076293945,,,,1700.0,,,,,,,,,,,,,,,,,,,,,,,15.130000114440918,,,,,,,,,,,,,,,,,,,,,,,,38.52000045776367,,,,,,,,38.826026916503906,,,,,,,,,
41.900001525878906,,,,1701.0,,,,,,,,,,,,,,,,,,,,,,,14.989999771118164,,,,,,,,,,,,,,,,,,,,,,,,38.90999984741211,,,,,,,,38.337032318115234,,,,,,,,,
41.900001525878906,,,,1701.0,,,,,,,,,,,,,,,,,,,,,,,14.989999771118164,,,,,,,,,,,,,,,,,,,,,,,,38.709999084472656,,,,,,,,38.337032318115234,,,,,,,,,
41.599998474121094,,,,1702.0,,,,,,,,,,,,,,,,,,,,,,,14.84000015258789,,,,,,,,,,,,,,,,,,,,,,,,38.790000915527344,,,,,,,,38.532630920410156,,,,,,,,,
41.459999084472656,,,,1719.0,,,,,,,,,,,,,,,,,,,,,,,14.729999542236328,,,,,,,,,,,,,,,,,,,,,,,,38.70000076293945,,,,,,,,38.532630920410156,,,,,,,,,
40.599998474121094,,,,1719.0,,,,,,,,,,,,,,,,,,,,,,,14.729999542236328,,,,,,,,,,,,,,,,,,,,,,,,39.02000045776367,,,,,,,,37.652442932128906,,,,,,,,,
40.5099983215332,,,,1622.0,,,,,,,,,,,,,,,,,,,,,,,14.550000190734863,,,,,,,,,,,,,,,,,,,,,,,,38.849998474121094,,,,,,,,36.28326416015625,,,,,,,,,
41.0,,,,1583.0,,,,,,,,,,,,,,,,,,,,,,,14.720000267028809,,,,,,,,,,,,,,,,,,,,,,,,38.97999954223633,,,,,,,,36.57666015625,,,,,,,,,
41.349998474121094,,,,1528.0,,,,,,,,,,,,,,,,,,,,,,,14.5,,,,,,,,,,,,,,,,,,,,,,,,38.779998779296875,,,,,,,,36.18546676635742,,,,,,,,,
40.65999984741211,,,,1528.0,,,,,,,,,,,,,,,,,,,,,,,14.470000267028809,,,,,,,,,,,,,,,,,,,,,,,,38.400001525878906,,,,,,,,34.8162841796875,,,,,,,,,
41.0,,,,1544.0,,,,,,,,,,,,,,,,,,,,,,,14.779999732971191,,,,,,,,,,,,,,,,,,,,,,,,38.52000045776367,,,,,,,,33.740501403808594,,,,,,,,,
41.459999084472656,,,,1510.0,,,,,,,,,,,,,,,,,,,,,,,15.0,,,,,,,,,,,,,,,,,,,,,,,,38.400001525878906,,,,,,,,33.153709411621094,,,,,,,,,
42.54999923706055,,,,1520.0,,,,,,,,,,,,,,,,,,,,,,,15.569999694824219,,,,,,,,,,,,,,,,,,,,,,,,38.52000045776367,,,,,,,,33.93609619140625,,,,,,,,,
41.84000015258789,,,,1435.0,,,,,,,,,,,,,,,,,,,,,,,15.5600004196167,,,,,,,,,,,,,,,,,,,,,,,,38.2400016784668,,,,,,,,33.83829879760742,,,,,,,,,
41.08000183105469,,,,1415.0,,,,,,,,,,,,,,,,,,,,,,,15.149999618530273,,,,,,,,,,,,,,,,,,,,,,,,38.22999954223633,,,,,,,,33.055912017822266,,,,,,,,,
41.119998931884766,,,,1464.0,,,,,,,,,,,,,,,,,,,,,,,15.170000076293945,,,,,,,,,,,,,,,,,,,,,,,,37.88999938964844,,,,,,,,33.54490280151367,,,,,,,,,
40.77000045776367,,,,1419.0,,,,,,,,,,,,,,,,,,,,,,,14.829999923706055,,,,,,,,,,,,,,,,,,,,,,,,37.869998931884766,,,,,,,,33.153709411621094,,,,,,,,,
40.31999969482422,,,,1316.0,,,,,,,,,,,,,,,,,,,,,,,14.829999923706055,,,,,,,,,,,,,,,,,,,,,,,,36.650001525878906,,,,,,,,32.273521423339844,,,,,,,,,
40.349998474121094,,,,1329.0,,,,,,,,,,,,,,,,,,,,,,,14.829999923706055,,,,,,,,,,,,,,,,,,,,,,,,35.04999923706055,,,,,,,,31.00214195251465,,,,,,,,,
42.79999923706055,,,,1402.0,,,,,,,,,,,,,,,,,,,,,,,14.829999923706055,,,,,,,,,,,,,,,,,,,,,,,,34.2400016784668,,,,,,,,31.58893394470215,,,,,,,,,
42.849998474121094,,,,1400.0,,,,,,,,,,,,,,,,,,,,,,,14.859999656677246,,,,,,,,,,,,,,,,,,,,,,,,32.20000076293945,,,,,,,,31.686731338500977,,,,,,,,,
41.2400016784668,,,,1383.0,,,,,,,,,,,,,,,,,,,,,,,14.949999809265137,,,,,,,,,,,,,,,,,,,,,,,,32.79999923706055,,,,,,,,31.491134643554688,,,,,,,,,
42.04999923706055,,,,1382.0,,,,,,,,,,,,,,,,,,,,,,,15.0600004196167,,,,,,,,,,,,,,,,,,,,,,,,29.030000686645508,,,,,,,,31.2955379486084,,,,,,,,,
42.2400016784668,,,,1344.0,,,,,,,,,,,,,,,,,,,,,,,15.399999618530273,,,,,,,,,,,,,,,,,,,,,,,,28.610000610351562,,,,,,,,31.58893394470215,,,,,,,,,
42.06999969482422,,,,1296.0,,,,,,,,,,,,,,,,,,,,,,,15.350000381469727,,,,,,,,,,,,,,,,,,,,,,,,29.110000610351562,,,,,,,,31.393335342407227,,,,,,,,,
41.93000030517578,,,,1311.0,,,,,,,,,,,,,,,,,,,,,,,15.699999809265137,,,,,,,,,,,,,,,,,,,,,,,,28.110000610351562,,,,,,,,31.491134643554688,,,,,,,,,
41.70000076293945,,,,1305.0,,,,,,,,,,,,,,,,,,,,,,,15.0,,,,,,,,,,,,,,,,,,,,,,,,27.579999923706055,,,,,,,,30.7087459564209,,,,,,,,,
41.70000076293945,,,,1301.0,,,,,,,,,,,,,,,,,,,,,,,16.0,,,,,,,,,,,,,,,,,,,,,,,,29.25,,,,,,,,32.175724029541016,,,,,,,,,
41.09000015258789,,,,1383.0,,,,,,,,,,,,,,,,,,,,,,,15.149999618530273,,,,,,,,,,,,,,,,,,,,,,,,29.030000686645508,,,,,,,,31.197738647460938,,,,,,,,,
41.779998779296875,,,,1398.0,,,,,,,,,,,,,,,,,,,,,,,14.75,,,,,,,,,,,,,,,,,,,,,,,,29.100000381469727,,,,,,,,31.491134643554688,,,,,,,,,
41.5,,,,1351.0,,,,,,,,,,,,,,,,,,,,,,,15.149999618530273,,,,,,,,,,,,,,,,,,,,,,,,29.1200008392334,,,,,,,,31.393335342407227,,,,,,,,,
41.45000076293945,,,,1323.0,,,,,,,,,,,,,,,,,,,,,,,15.34000015258789,,,,,,,,,,,,,,,,,,,,,,,,29.15999984741211,,,,,,,,31.197738647460938,,,,,,,,,
41.45000076293945,,,,1323.0,,,,,,,,,,,,,,,,,,,,,,,15.34000015258789,,,,,,,,,,,,,,,,,,,,,,,,29.15999984741211,,,,,,,,31.197738647460938,,,,,,,,,
41.79999923706055,,,,1323.0,,,,,,,,,,,,,,,,,,,,,,,15.34000015258789,,,,,,,,,,,,,,,,,,,,,,,,29.5,,,,,,,,31.784530639648438,,,,,,,,,
41.540000915527344,,,,1375.0,,,,,,,,,,,,,,,,,,,,,,,15.649999618530273,,,,,,,,,,,,,,,,,,,,,,,,29.719999313354492,,,,,,,,30.7087459564209,,,,,,,,,
40.439998626708984,,,,1357.0,,,,,,,,,,,,,,,,,,,,,,,15.449999809265137,,,,,,,,,,,,,,,,,,,,,,,,28.469999313354492,,,,,,,,31.784530639648438,,,,,,,,,
40.38999938964844,,,,1398.0,,,,,,,,,,,,,,,,,,,,,,,15.640000343322754,,,,,,,,,,,,,,,,,,,,,,,,28.200000762939453,,,,,,,,31.784530639648438,,,,,,,,,
39.369998931884766,,,,1367.0,,,,,,,,,,,,,,,,,,,,,,,15.140000343322754,,,,,,,,,,,,,,,,,,,,,,,,28.049999237060547,,,,,,,,31.00214195251465,,,,,,,,,
39.220001220703125,,,,1330.0,,,,,,,,,,,,,,,,,,,,,,,14.859999656677246,,,,,,,,,,,,,,,,,,,,,,,,27.600000381469727,,,,,,,,31.099939346313477,,,,,,,,,
39.220001220703125,,,,1368.0,,,,,,,,,,,,,,,,,,,,,,,14.569999694824219,,,,,,,,,,,,,,,,,,,,,,,,27.510000228881836,,,,,,,,31.00214195251465,,,,,,,,,
38.0,,,,1359.0,,,,,,,,,,,,,,,,,,,,,,,14.449999809265137,,,,,,,,,,,,,,,,,,,,,,,,27.0,,,,,,,,30.610946655273438,,,,,,,,,
37.36000061035156,,,,1305.0,,,,,,,,,,,,,,,,,,,,,,,14.170000076293945,,,,,,,,,,,,,,,,,,,,,,,,25.5,,,,,,,,28.94837188720703,,,,,,,,,
37.20000076293945,,,,1203.0,,,,,,,,,,,,,,,,,,,,,,,14.170000076293945,,,,,,,,,,,,,,,,,,,,,,,,25.450000762939453,,,,,,,,27.090198516845703,,,,,,,,,
36.099998474121094,,,,1162.0,,,,,,,,,,,,,,,,,,,,,,,13.75,,,,,,,,,,,,,,,,,,,,,,,,25.799999237060547,,,,,,,,26.210012435913086,,,,,,,,,
34.779998779296875,,,,1097.0,,,,,,,,,,,,,,,,,,,,,,,13.460000038146973,,,,,,,,,,,,,,,,,,,,,,,,25.459999084472656,,,,,,,,24.25404167175293,,,,,,,,,
35.70000076293945,,,,1153.0,,,,,,,,,,,,,,,,,,,,,,,13.460000038146973,,,,,,,,,,,,,,,,,,,,,,,,25.829999923706055,,,,,,,,25.329824447631836,,,,,,,,,
35.70000076293945,,,,1153.0,,,,,,,,,,,,,,,,,,,,,,,13.460000038146973,,,,,,,,,,,,,,,,,,,,,,,,26.579999923706055,,,,,,,,25.329824447631836,,,,,,,,,
36.43000030517578,,,,1118.0,,,,,,,,,,,,,,,,,,,,,,,13.59000015258789,,,,,,,,,,,,,,,,,,,,,,,,26.600000381469727,,,,,,,,24.058443069458008,,,,,,,,,
36.79999923706055,,,,1151.0,,,,,,,,,,,,,,,,,,,,,,,13.569999694824219,,,,,,,,,,,,,,,,,,,,,,,,25.979999542236328,,,,,,,,23.17825698852539,,,,,,,,,
36.31999969482422,,,,1111.0,,,,,,,,,,,,,,,,,,,,,,,13.350000381469727,,,,,,,,,,,,,,,,,,,,,,,,25.270000457763672,,,,,,,,23.08045768737793,,,,,,,,,
35.72999954223633,,,,1110.0,,,,,,,,,,,,,,,,,,,,,,,13.449999809265137,,,,,,,,,,,,,,,,,,,,,,,,25.0,,,,,,,,23.08045768737793,,,,,,,,,
36.599998474121094,,,,1136.0,,,,,,,,,,,,,,,,,,,,,,,13.710000038146973,,,,,,,,,,,,,,,,,,,,,,,,24.899999618530273,,,,,,,,24.15624237060547,,,,,,,,,
36.45000076293945,,,,1041.0,,,,,,,,,,,,,,,,,,,,,,,13.149999618530273,,,,,,,,,,,,,,,,,,,,,,,,23.899999618530273,,,,,,,,22.68926429748535,,,,,,,,,
36.720001220703125,,,,1030.0,,,,,,,,,,,,,,,,,,,,,,,13.220000267028809,,,,,,,,,,,,,,,,,,,,,,,,24.0,,,,,,,,23.08045768737793,,,,,,,,,
36.119998931884766,,,,969.0,,,,,,,,,,,,,,,,,,,,,,,12.890000343322754,,,,,,,,,,,,,,,,,,,,,,,,23.780000686645508,,,,,,,,21.222286224365234,,,,,,,,,
36.02000045776367,,,,980.0,,,,,,,,,,,,,,,,,,,,,,,12.829999923706055,,,,,,,,,,,,,,,,,,,,,,,,24.219999313354492,,,,,,,,21.026689529418945,,,,,,,,,
35.95000076293945,,,,919.0,,,,,,,,,,,,,,,,,,,,,,,12.520000457763672,,,,,,,,,,,,,,,,,,,,,,,,23.860000610351562,,,,,,,,20.342098236083984,,,,,,,,,
37.0099983215332,,,,1006.0,,,,,,,,,,,,,,,,,,,,,,,12.59000015258789,,,,,,,,,,,,,,,,,,,,,,,,24.350000381469727,,,,,,,,20.928890228271484,,,,,,,,,
37.0099983215332,,,,1006.0,,,,,,,,,,,,,,,,,,,,,,,12.59000015258789,,,,,,,,,,,,,,,,,,,,,,,,24.350000381469727,,,,,,,,20.928890228271484,,,,,,,,,
37.33000183105469,,,,1014.0,,,,,,,,,,,,,,,,,,,,,,,12.890000343322754,,,,,,,,,,,,,,,,,,,,,,,,24.770000457763672,,,,,,,,21.613479614257812,,,,,,,,,
36.88999938964844,,,,939.0,,,,,,,,,,,,,,,,,,,,,,,12.369999885559082,,,,,,,,,,,,,,,,,,,,,,,,24.649999618530273,,,,,,,,21.51568031311035,,,,,,,,,
37.720001220703125,,,,943.0,,,,,,,,,,,,,,,,,,,,,,,12.800000190734863,,,,,,,,,,,,,,,,,,,,,,,,25.389999389648438,,,,,,,,21.711278915405273,,,,,,,,,
37.900001525878906,,,,969.0,,,,,,,,,,,,,,,,,,,,,,,12.930000305175781,,,,,,,,,,,,,,,,,,,,,,,,25.549999237060547,,,,,,,,22.298070907592773,,,,,,,,,
37.86000061035156,,,,944.0,,,,,,,,,,,,,,,,,,,,,,,12.699999809265137,,,,,,,,,,,,,,,,,,,,,,,,25.700000762939453,,,,,,,,22.004674911499023,,,,,,,,,
38.400001525878906,,,,998.0,,,,,,,,,,,,,,,,,,,,,,,13.5,,,,,,,,,,,,,,,,,,,,,,,,25.549999237060547,,,,,,,,22.004674911499023,,,,,,,,,
38.400001525878906,,,,998.0,,,,,,,,,,,,,,,,,,,,,,,13.5,,,,,,,,,,,,,,,,,,,,,,,,25.459999084472656,,,,,,,,22.004674911499023,,,,,,,,,
39.709999084472656,,,,1020.0,,,,,,,,,,,,,,,,,,,,,,,14.09000015258789,,,,,,,,,,,,,,,,,,,,,,,,25.700000762939453,,,,,,,,22.591466903686523,,,,,,,,,
39.849998474121094,,,,975.0,,,,,,,,,,,,,,,,,,,,,,,14.300000190734863,,,,,,,,,,,,,,,,,,,,,,,,25.25,,,,,,,,23.96064567565918,,,,,,,,,
38.849998474121094,,,,920.0,,,,,,,,,,,,,,,,,,,,,,,13.65999984741211,,,,,,,,,,,,,,,,,,,,,,,,24.5,,,,,,,,24.645235061645508,,,,,,,,,
38.810001373291016,,,,925.0,,,,,,,,,,,,,,,,,,,,,,,13.84000015258789,,,,,,,,,,,,,,,,,,,,,,,,24.600000381469727,,,,,,,,24.938631057739258,,,,,,,,,
38.22999954223633,,,,870.0,,,,,,,,,,,,,,,,,,,,,,,13.729999542236328,,,,,,,,,,,,,,,,,,,,,,,,24.6200008392334,,,,,,,,23.96064567565918,,,,,,,,,
38.93000030517578,,,,837.0,,,,,,,,,,,,,,,,,,,,,,,13.539999961853027,,,,,,,,,,,,,,,,,,,,,,,,24.5,,,,,,,,23.56945037841797,,,,,,,,,
38.84000015258789,,,,625.0,,,,,,,,,,,,,,,,,,,,,,,13.720000267028809,,,,,,,,,,,,,,,,,,,,,,,,24.469999313354492,,,,,,,,21.8090763092041,,,,,,,,,
38.33000183105469,,,,505.0,,,,,,,,,,,,,,,,,,,,,,,13.770000457763672,,,,,,,,,,,,,,,,,,,,,,,,25.0,,,,,,,,20.048702239990234,,,,,,,,,
39.15999984741211,,,,550.0,,,,,,,,,,,,,,,,,,,,,,,14.880000114440918,,,,,,,,,,,,,,,,,,,,,,,,25.34000015258789,,,,,,,,21.613479614257812,,,,,,,,,
39.130001068115234,,,,630.0,,,,,,,,,,,,,,,,,,,,,,,15.199999809265137,,,,,,,,,,,,,,,,,,,,,,,,25.510000228881836,,,,,,,,22.591466903686523,,,,,,,,,
39.86000061035156,,,,610.0,,,,,,,,,,,,,,,,,,,,,,,15.300000190734863,,,,,,,,,,,,,,,,,,,,,,,,22.959999084472656,,,,,,,,23.27605438232422,,,,,,,,,
40.5,,,,613.0,,,,,,,,,,,,,,,,,,,,,,,15.449999809265137,,,,,,,,,,,,,,,,,,,,,,,,22.56999969482422,,,,,,,,23.56945037841797,,,,,,,,,
39.880001068115234,,,,610.0,,,,,,,,,,,,,,,,,,,,,,,15.170000076293945,,,,,,,,,,,,,,,,,,,,,,,,21.75,,,,,,,,22.493667602539062,,,,,,,,,
39.880001068115234,,,,610.0,,,,,,,,,,,,,,,,,,,,,,,15.170000076293945,,,,,,,,,,,,,,,,,,,,,,,,21.75,,,,,,,,22.493667602539062,,,,,,,,,
38.97999954223633,,,,595.0,,,,,,,,,,,,,,,,,,,,,,,14.75,,,,,,,,,,,,,,,,,,,,,,,,20.75,,,,,,,,22.004674911499023,,,,,,,,,
38.7599983215332,,,,591.0,,,,,,,,,,,,,,,,,,,,,,,14.75,,,,,,,,,,,,,,,,,,,,,,,,20.600000381469727,,,,,,,,22.787063598632812,,,,,,,,,
38.61000061035156,,,,564.0,,,,,,,,,,,,,,,,,,,,,,,14.75,,,,,,,,,,,,,,,,,,,,,,,,20.56999969482422,,,,,,,,23.08045768737793,,,,,,,,,
39.31999969482422,,,,582.0,,,,,,,,,,,,,,,,,,,,,,,15.1899995803833,,,,,,,,,,,,,,,,,,,,,,,,20.389999389648438,,,,,,,,23.37385368347168,,,,,,,,,
39.31999969482422,,,,582.0,,,,,,,,,,,,,,,,,,,,,,,15.1899995803833,,,,,,,,,,,,,,,,,,,,,,,,20.389999389648438,,,,,,,,23.37385368347168,,,,,,,,,
38.7400016784668,,,,559.0,,,,,,,,,,,,,,,,,,,,,,,15.109999656677246,,,,,,,,,,,,,,,,,,,,,,,,20.100000381469727,,,,,,,,22.10247230529785,,,,,,,,,
38.599998474121094,,,,567.0,,,,,,,,,,,,,,,,,,,,,,,15.100000381469727,,,,,,,,,,,,,,,,,,,,,,,,20.100000381469727,,,,,,,,23.56945037841797,,,,,,,,,
38.56999969482422,,,,570.0,,,,,,,,,,,,,,,,,,,,,,,15.130000114440918,,,,,,,,,,,,,,,,,,,,,,,,19.93000030517578,,,,,,,,23.66724967956543,,,,,,,,,
37.880001068115234,,,,545.0,,,,,,,,,,,,,,,,,,,,,,,15.0600004196167,,,,,,,,,,,,,,,,,,,,,,,,20.0,,,,,,,,22.591466903686523,,,,,,,,,
36.880001068115234,,,,525.0,,,,,,,,,,,,,,,,,,,,,,,14.800000190734863,,,,,,,,,,,,,,,,,,,,,,,,19.799999237060547,,,,,,,,25.329824447631836,,,,,,,,,
35.150001525878906,,,,510.0,,,,,,,,,,,,,,,,,,,,,,,14.479999542236328,,,,,,,,,,,,,,,,,,,,,,,,19.200000762939453,,,,,,,,27.383594512939453,,,,,,,,,
35.119998931884766,,,,503.0,,,,,,,,,,,,,,,,,,,,,,,14.319999694824219,,,,,,,,,,,,,,,,,,,,,,,,19.200000762939453,,,,,,,,25.721019744873047,,,,,,,,,
35.38999938964844,,,,510.0,,,,,,,,,,,,,,,,,,,,,,,15.399999618530273,,,,,,,,,,,,,,,,,,,,,,,,19.049999237060547,,,,,,,,26.405609130859375,,,,,,,,,
36.79999923706055,,,,575.0,,,,,,,,,,,,,,,,,,,,,,,15.399999618530273,,,,,,,,,,,,,,,,,,,,,,,,19.649999618530273,,,,,,,,27.872587203979492,,,,,,,,,
36.709999084472656,,,,582.0,,,,,,,,,,,,,,,,,,,,,,,15.800000190734863,,,,,,,,,,,,,,,,,,,,,,,,19.899999618530273,,,,,,,,28.94837188720703,,,,,,,,,
36.400001525878906,,,,565.0,,,,,,,,,,,,,,,,,,,,,,,15.5,,,,,,,,,,,,,,,,,,,,,,,,19.25,,,,,,,,29.14396858215332,,,,,,,,,
36.54999923706055,,,,576.0,,,,,,,,,,,,,,,,,,,,,,,15.5,,,,,,,,,,,,,,,,,,,,,,,,19.25,,,,,,,,29.33956527709961,,,,,,,,,
36.08000183105469,,,,558.0,,,,,,,,,,,,,,,,,,,,,,,15.170000076293945,,,,,,,,,,,,,,,,,,,,,,,,19.25,,,,,,,,29.33956527709961,,,,,,,,,
36.5,,,,575.0,,,,,,,,,,,,,,,,,,,,,,,15.8100004196167,,,,,,,,,,,,,,,,,,,,,,,,19.25,,,,,,,,29.33956527709961,,,,,,,,,
36.900001525878906,,,,615.0,,,,,,,,,,,,,,,,,,,,,,,15.8100004196167,,,,,,,,,,,,,,,,,,,,,,,,19.25,,,,,,,,29.24176788330078,,,,,,,,,
36.90999984741211,,,,608.0,,,,,,,,,,,,,,,,,,,,,,,16.06999969482422,,,,,,,,,,,,,,,,,,,,,,,,19.25,,,,,,,,29.33956527709961,,,,,,,,,
37.27000045776367,,,,619.0,,,,,,,,,,,,,,,,,,,,,,,15.65999984741211,,,,,,,,,,,,,,,,,,,,,,,,18.549999237060547,,,,,,,,30.21975326538086,,,,,,,,,
37.54999923706055,,,,636.0,,,,,,,,,,,,,,,,,,,,,,,15.640000343322754,,,,,,,,,,,,,,,,,,,,,,,,19.09000015258789,,,,,,,,30.7087459564209,,,,,,,,,
37.65999984741211,,,,636.0,,,,,,,,,,,,,,,,,,,,,,,16.0,,,,,,,,,,,,,,,,,,,,,,,,19.049999237060547,,,,,,,,30.610946655273438,,,,,,,,,
37.65999984741211,,,,625.0,,,,,,,,,,,,,,,,,,,,,,,16.389999389648438,,,,,,,,,,,,,,,,,,,,,,,,19.309999465942383,,,,,,,,31.393335342407227,,,,,,,,,
36.2400016784668,,,,619.0,,,,,,,,,,,,,,,,,,,,,,,16.09000015258789,,,,,,,,,,,,,,,,,,,,,,,,19.309999465942383,,,,,,,,31.393335342407227,,,,,,,,,
35.5,,,,595.0,,,,,,,,,,,,,,,,,,,,,,,16.170000076293945,,,,,,,,,,,,,,,,,,,,,,,,19.309999465942383,,,,,,,,31.393335342407227,,,,,,,,,
35.91999816894531,,,,623.0,,,,,,,,,,,,,,,,,,,,,,,16.600000381469727,,,,,,,,,,,,,,,,,,,,,,,,19.309999465942383,,,,,,,,31.393335342407227,,,,,,,,,
34.90999984741211,,,,625.0,,,,,,,,,,,,,,,,,,,,,,,16.450000762939453,,,,,,,,,,,,,,,,,,,,,,,,19.309999465942383,,,,,,,,31.197738647460938,,,,,,,,,
34.90999984741211,,,,644.0,,,,,,,,,,,,,,,,,,,,,,,16.5,,,,,,,,,,,,,,,,,,,,,,,,19.309999465942383,,,,,,,,31.197738647460938,,,,,,,,,
35.27000045776367,,,,650.0,,,,,,,,,,,,,,,,,,,,,,,16.149999618530273,,,,,,,,,,,,,,,,,,,,,,,,19.110000610351562,,,,,,,,30.806543350219727,,,,,,,,,
35.310001373291016,,,,672.0,,,,,,,,,,,,,,,,,,,,,,,16.75,,,,,,,,,,,,,,,,,,,,,,,,19.110000610351562,,,,,,,,31.2955379486084,,,,,,,,,
34.189998626708984,,,,652.0,,,,,,,,,,,,,,,,,,,,,,,16.229999542236328,,,,,,,,,,,,,,,,,,,,,,,,19.0,,,,,,,,30.904342651367188,,,,,,,,,
33.91999816894531,,,,640.0,,,,,,,,,,,,,,,,,,,,,,,16.260000228881836,,,,,,,,,,,,,,,,,,,,,,,,18.850000381469727,,,,,,,,30.904342651367188,,,,,,,,,
33.38999938964844,,,,647.0,,,,,,,,,,,,,,,,,,,,,,,15.550000190734863,,,,,,,,,,,,,,,,,,,,,,,,18.8799991607666,,,,,,,,31.197738647460938,,,,,,,,,
33.380001068115234,,,,654.0,,,,,,,,,,,,,,,,,,,,,,,15.819999694824219,,,,,,,,,,,,,,,,,,,,,,,,19.049999237060547,,,,,,,,31.099939346313477,,,,,,,,,
32.459999084472656,,,,600.0,,,,,,,,,,,,,,,,,,,,,,,15.279999732971191,,,,,,,,,,,,,,,,,,,,,,,,18.6299991607666,,,,,,,,30.806543350219727,,,,,,,,,
32.31999969482422,,,,601.0,,,,,,,,,,,,,,,,,,,,,,,15.369999885559082,,,,,,,,,,,,,,,,,,,,,,,,18.399999618530273,,,,,,,,30.806543350219727,,,,,,,,,
33.18000030517578,,,,622.0,,,,,,,,,,,,,,,,,,,,,,,15.729999542236328,,,,,,,,,,,,,,,,,,,,,,,,18.600000381469727,,,,,,,,31.2955379486084,,,,,,,,,
32.119998931884766,,,,623.0,,,,,,,,,,,,,,,,,,,,,,,14.869999885559082,,,,,,,,,,,,,,,,,,,,,,,,18.010000228881836,,,,,,,,29.82855987548828,,,,,,,,,
32.560001373291016,,,,616.0,,,,,,,,,,,,,,,,,,,,,,,15.289999961853027,,,,,,,,,,,,,,,,,,,,,,,,17.90999984741211,,,,,,,,29.63296127319336,,,,,,,,,
34.09000015258789,,,,633.0,,,,,,,,,,,,,,,,,,,,,,,16.0,,,,,,,,,,,,,,,,,,,,,,,,18.020000457763672,,,,,,,,29.63296127319336,,,,,,,,,
34.09000015258789,,,,633.0,,,,,,,,,,,,,,,,,,,,,,,16.0,,,,,,,,,,,,,,,,,,,,,,,,18.020000457763672,,,,,,,,29.63296127319336,,,,,,,,,
34.09000015258789,,,,622.0,,,,,,,,,,,,,,,,,,,,,,,16.549999237060547,,,,,,,,,,,,,,,,,,,,,,,,17.600000381469727,,,,,,,,29.92635726928711,,,,,,,,,
36.040000915527344,,,,647.0,,,,,,,,,,,,,,,,,,,,,,,17.049999237060547,,,,,,,,,,,,,,,,,,,,,,,,17.600000381469727,,,,,,,,30.610946655273438,,,,,,,,,
36.279998779296875,,,,661.0,,,,,,,,,,,,,,,,,,,,,,,17.149999618530273,,,,,,,,,,,,,,,,,,,,,,,,17.600000381469727,,,,,,,,31.00214195251465,,,,,,,,,
37.290000915527344,,,,693.0,,,,,,,,,,,,,,,,,,,,,,,18.350000381469727,,,,,,,,,,,,,,,,,,,,,,,,17.600000381469727,,,,,,,,30.610946655273438,,,,,,,,,
37.70000076293945,,,,650.0,,,,,,,,,,,,,,,,,,,,,,,18.920000076293945,,,,,,,,,,,,,,,,,,,,,,,,17.600000381469727,,,,,,,,31.099939346313477,,,,,,,,,
38.060001373291016,,,,654.0,,,,,,,,,,,,,,,,,,,,,,,18.5,,,,,,,,,,,,,,,,,,,,,,,,18.739999771118164,,,,,,,,29.53516387939453,,,,,,,,,
38.25,,,,647.0,,,,,,,,,,,,,,,,,,,,,,,18.200000762939453,,,,,,,,,,,,,,,,,,,,,,,,19.3799991607666,,,,,,,,29.53516387939453,,,,,,,,,
37.83000183105469,,,,657.0,,,,,,,,,,,,,,,,,,,,,,,18.399999618530273,,,,,,,,,,,,,,,,,,,,,,,,19.25,,,,,,,,29.92635726928711,,,,,,,,,
37.560001373291016,,,,639.0,,,,,,,,,,,,,,,,,,,,,,,18.8799991607666,,,,,,,,,,,,,,,,,,,,,,,,19.5,,,,,,,,31.00214195251465,,,,,,,,,
36.83000183105469,,,,631.0,,,,,,,,,,,,,,,,,,,,,,,18.520000457763672,,,,,,,,,,,,,,,,,,,,,,,,19.469999313354492,,,,,,,,30.904342651367188,,,,,,,,,
36.84000015258789,,,,663.0,,,,,,,,,,,,,,,,,,,,,,,19.079999923706055,,,,,,,,,,,,,,,,,,,,,,,,19.84000015258789,,,,,,,,30.21975326538086,,,,,,,,,
35.83000183105469,,,,643.0,,,,,,,,,,,,,,,,,,,,,,,19.020000457763672,,,,,,,,,,,,,,,,,,,,,,,,19.889999389648438,,,,,,,,30.317550659179688,,,,,,,,,
35.939998626708984,,,,635.0,,,,,,,,,,,,,,,,,,,,,,,17.8700008392334,,,,,,,,,,,,,,,,,,,,,,,,20.350000381469727,,,,,,,,29.92635726928711,,,,,,,,,
35.849998474121094,,,,642.0,,,,,,,,,,,,,,,,,,,,,,,18.360000610351562,,,,,,,,,,,,,,,,,,,,,,,,20.0,,,,,,,,29.63296127319336,,,,,,,,,
35.27000045776367,,,,615.0,,,,,,,,,,,,,,,,,,,,,,,18.43000030517578,,,,,,,,,,,,,,,,,,,,,,,,19.700000762939453,,,,,,,,28.165983200073242,,,,,,,,,
35.2400016784668,,,,599.0,,,,,,,,,,,,,,,,,,,,,,,18.6299991607666,,,,,,,,,,,,,,,,,,,,,,,,19.799999237060547,,,,,,,,28.55717658996582,,,,,,,,,
35.150001525878906,,,,580.0,,,,,,,,,,,,,,,,,,,,,,,18.649999618530273,,,,,,,,,,,,,,,,,,,,,,,,19.440000534057617,,,,,,,,27.774789810180664,,,,,,,,,
34.689998626708984,,,,586.0,,,,,,,,,,,,,,,,,,,,,,,18.200000762939453,,,,,,,,,,,,,,,,,,,,,,,,19.1200008392334,,,,,,,,27.285795211791992,,,,,,,,,
35.02000045776367,,,,576.0,,,,,,,,,,,,,,,,,,,,,,,18.270000457763672,,,,,,,,,,,,,,,,,,,,,,,,18.450000762939453,,,,,,,,27.676990509033203,,,,,,,,,
34.97999954223633,,,,555.0,,,,,,,,,,,,,,,,,,,,,,,18.350000381469727,,,,,,,,,,,,,,,,,,,,,,,,18.389999389648438,,,,,,,,26.503408432006836,,,,,,,,,
36.0099983215332,,,,575.0,,,,,,,,,,,,,,,,,,,,,,,18.600000381469727,,,,,,,,,,,,,,,,,,,,,,,,18.610000610351562,,,,,,,,27.676990509033203,,,,,,,,,
36.279998779296875,,,,576.0,,,,,,,,,,,,,,,,,,,,,,,18.479999542236328,,,,,,,,,,,,,,,,,,,,,,,,18.309999465942383,,,,,,,,27.285795211791992,,,,,,,,,
35.849998474121094,,,,559.0,,,,,,,,,,,,,,,,,,,,,,,18.75,,,,,,,,,,,,,,,,,,,,,,,,18.020000457763672,,,,,,,,26.699005126953125,,,,,,,,,
36.20000076293945,,,,566.0,,,,,,,,,,,,,,,,,,,,,,,18.989999771118164,,,,,,,,,,,,,,,,,,,,,,,,18.149999618530273,,,,,,,,26.307811737060547,,,,,,,,,
36.20000076293945,,,,566.0,,,,,,,,,,,,,,,,,,,,,,,18.989999771118164,,,,,,,,,,,,,,,,,,,,,,,,18.149999618530273,,,,,,,,26.307811737060547,,,,,,,,,
36.209999084472656,,,,571.0,,,,,,,,,,,,,,,,,,,,,,,19.549999237060547,,,,,,,,,,,,,,,,,,,,,,,,18.270000457763672,,,,,,,,26.503408432006836,,,,,,,,,
36.95000076293945,,,,547.0,,,,,,,,,,,,,,,,,,,,,,,19.510000228881836,,,,,,,,,,,,,,,,,,,,,,,,18.389999389648438,,,,,,,,25.623220443725586,,,,,,,,,
36.33000183105469,,,,559.0,,,,,,,,,,,,,,,,,,,,,,,19.350000381469727,,,,,,,,,,,,,,,,,,,,,,,,18.219999313354492,,,,,,,,25.916616439819336,,,,,,,,,
36.150001525878906,,,,524.0,,,,,,,,,,,,,,,,,,,,,,,19.399999618530273,,,,,,,,,,,,,,,,,,,,,,,,18.020000457763672,,,,,,,,25.232027053833008,,,,,,,,,
35.529998779296875,,,,527.0,,,,,,,,,,,,,,,,,,,,,,,19.350000381469727,,,,,,,,,,,,,,,,,,,,,,,,17.700000762939453,,,,,,,,25.134227752685547,,,,,,,,,
35.400001525878906,,,,509.0,,,,,,,,,,,,,,,,,,,,,,,19.479999542236328,,,,,,,,,,,,,,,,,,,,,,,,17.530000686645508,,,,,,,,25.525421142578125,,,,,,,,,
34.560001373291016,,,,502.0,,,,,,,,,,,,,,,,,,,,,,,19.260000228881836,,,,,,,,,,,,,,,,,,,,,,,,17.510000228881836,,,,,,,,25.329824447631836,,,,,,,,,
34.290000915527344,,,,463.0,,,,,,,,,,,,,,,,,,,,,,,18.450000762939453,,,,,,,,,,,,,,,,,,,,,,,,16.889999389648438,,,,,,,,25.232027053833008,,,,,,,,,
36.20000076293945,,,,475.0,,,,,,,,,,,,,,,,,,,,,,,18.100000381469727,,,,,,,,,,,,,,,,,,,,,,,,16.700000762939453,,,,,,,,25.036428451538086,,,,,,,,,
35.95000076293945,,,,452.0,,,,,,,,,,,,,,,,,,,,,,,17.700000762939453,,,,,,,,,,,,,,,,,,,,,,,,16.40999984741211,,,,,,,,24.058443069458008,,,,,,,,,
36.349998474121094,,,,471.0,,,,,,,,,,,,,,,,,,,,,,,17.239999771118164,,,,,,,,,,,,,,,,,,,,,,,,16.1299991607666,,,,,,,,22.200271606445312,,,,,,,,,
37.16999816894531,,,,487.0,,,,,,,,,,,,,,,,,,,,,,,18.020000457763672,,,,,,,,,,,,,,,,,,,,,,,,16.790000915527344,,,,,,,,22.68926429748535,,,,,,,,,
37.16999816894531,,,,487.0,,,,,,,,,,,,,,,,,,,,,,,18.020000457763672,,,,,,,,,,,,,,,,,,,,,,,,16.790000915527344,,,,,,,,22.68926429748535,,,,,,,,,
36.93000030517578,,,,471.0,,,,,,,,,,,,,,,,,,,,,,,18.059999465942383,,,,,,,,,,,,,,,,,,,,,,,,16.399999618530273,,,,,,,,22.787063598632812,,,,,,,,,
37.20000076293945,,,,500.0,,,,,,,,,,,,,,,,,,,,,,,18.84000015258789,,,,,,,,,,,,,,,,,,,,,,,,16.290000915527344,,,,,,,,23.96064567565918,,,,,,,,,
36.810001373291016,,,,478.0,,,,,,,,,,,,,,,,,,,,,,,18.690000534057617,,,,,,,,,,,,,,,,,,,,,,,,15.59000015258789,,,,,,,,23.27605438232422,,,,,,,,,
36.060001373291016,,,,477.0,,,,,,,,,,,,,,,,,,,,,,,18.6299991607666,,,,,,,,,,,,,,,,,,,,,,,,14.8100004196167,,,,,,,,23.86284637451172,,,,,,,,,
36.33000183105469,,,,485.0,,,,,,,,,,,,,,,,,,,,,,,19.0,,,,,,,,,,,,,,,,,,,,,,,,14.359999656677246,,,,,,,,23.47165298461914,,,,,,,,,
36.029998779296875,,,,490.0,,,,,,,,,,,,,,,,,,,,,,,19.309999465942383,,,,,,,,,,,,,,,,,,,,,,,,14.180000305175781,,,,,,,,22.9826602935791,,,,,,,,,
36.29999923706055,,,,478.0,,,,,,,,,,,,,,,,,,,,,,,20.43000030517578,,,,,,,,,,,,,,,,,,,,,,,,14.5,,,,,,,,22.3958683013916,,,,,,,,,
35.630001068115234,,,,460.0,,,,,,,,,,,,,,,,,,,,,,,19.239999771118164,,,,,,,,,,,,,,,,,,,,,,,,14.010000228881836,,,,,,,,21.320083618164062,,,,,,,,,
35.630001068115234,,,,460.0,,,,,,,,,,,,,,,,,,,,,,,19.239999771118164,,,,,,,,,,,,,,,,,,,,,,,,14.010000228881836,,,,,,,,21.320083618164062,,,,,,,,,
34.650001525878906,,,,455.0,,,,,,,,,,,,,,,,,,,,,,,19.239999771118164,,,,,,,,,,,,,,,,,,,,,,,,14.0,,,,,,,,20.537696838378906,,,,,,,,,
35.06999969482422,,,,489.0,,,,,,,,,,,,,,,,,,,,,,,19.719999313354492,,,,,,,,,,,,,,,,,,,,,,,,14.15999984741211,,,,,,,,20.831092834472656,,,,,,,,,
35.06999969482422,,,,489.0,,,,,,,,,,,,,,,,,,,,,,,19.719999313354492,,,,,,,,,,,,,,,,,,,,,,,,14.15999984741211,,,,,,,,20.831092834472656,,,,,,,,,
35.439998626708984,,,,465.0,,,,,,,,,,,,,,,,,,,,,,,20.1299991607666,,,,,,,,,,,,,,,,,,,,,,,,13.84000015258789,,,,,,,,19.657508850097656,,,,,,,,,
35.90999984741211,,,,487.0,,,,,,,,,,,,,,,,,,,,,,,20.6299991607666,,,,,,,,,,,,,,,,,,,,,,,,13.720000267028809,,,,,,,,18.679523468017578,,,,,,,,,
35.72999954223633,,,,461.0,,,,,,,,,,,,,,,,,,,,,,,20.799999237060547,,,,,,,,,,,,,,,,,,,,,,,,13.520000457763672,,,,,,,,18.386127471923828,,,,,,,,,
35.72999954223633,,,,444.0,,,,,,,,,,,,,,,,,,,,,,,20.420000076293945,,,,,,,,,,,,,,,,,,,,,,,,13.350000381469727,,,,,,,,17.89713478088379,,,,,,,,,
35.220001220703125,,,,441.0,,,,,,,,,,,,,,,,,,,,,,,20.790000915527344,,,,,,,,,,,,,,,,,,,,,,,,13.399999618530273,,,,,,,,17.016948699951172,,,,,,,,,
36.599998474121094,,,,448.0,,,,,,,,,,,,,,,,,,,,,,,21.440000534057617,,,,,,,,,,,,,,,,,,,,,,,,13.670000076293945,,,,,,,,21.711278915405273,,,,,,,,,
36.70000076293945,,,,434.0,,,,,,,,,,,,,,,,,,,,,,,21.010000228881836,,,,,,,,,,,,,,,,,,,,,,,,13.59000015258789,,,,,,,,21.124486923217773,,,,,,,,,
36.68000030517578,,,,435.0,,,,,,,,,,,,,,,,,,,,,,,21.850000381469727,,,,,,,,,,,,,,,,,,,,,,,,13.699999809265137,,,,,,,,21.124486923217773,,,,,,,,,
36.060001373291016,,,,429.0,,,,,,,,,,,,,,,,,,,,,,,22.5,,,,,,,,,,,,,,,,,,,,,,,,13.489999771118164,,,,,,,,20.831092834472656,,,,,,,,,
36.689998626708984,,,,442.0,,,,,,,,,,,,,,,,,,,,,,,23.600000381469727,,,,,,,,,,,,,,,,,,,,,,,,13.350000381469727,,,,,,,,21.026689529418945,,,,,,,,,
36.59000015258789,,,,437.0,,,,,,,,,,,,,,,,,,,,,,,23.09000015258789,,,,,,,,,,,,,,,,,,,,,,,,13.4399995803833,,,,,,,,20.635494232177734,,,,,,,,,
36.91999816894531,,,,445.0,,,,,,,,,,,,,,,,,,,,,,,23.030000686645508,,,,,,,,,,,,,,,,,,,,,,,,13.319999694824219,,,,,,,,21.320083618164062,,,,,,,,,
37.43000030517578,,,,484.0,,,,,,,,,,,,,,,,,,,,,,,22.700000762939453,,,,,,,,,,,,,,,,,,,,,,,,13.390000343322754,,,,,,,,22.88486099243164,,,,,,,,,
38.18000030517578,,,,470.0,,,,,,,,,,,,,,,,,,,,,,,22.950000762939453,,,,,,,,,,,,,,,,,,,,,,,,13.850000381469727,,,,,,,,22.591466903686523,,,,,,,,,
38.380001068115234,,,,473.0,,,,,,,,,,,,,,,,,,,,,,,22.989999771118164,,,,,,,,,,,,,,,,,,,,,,,,13.739999771118164,,,,,,,,21.8090763092041,,,,,,,,,
38.529998779296875,,,,468.0,,,,,,,,,,,,,,,,,,,,,,,22.170000076293945,,,,,,,,,,,,,,,,,,,,,,,,14.0,,,,,,,,21.613479614257812,,,,,,,,,
39.75,,,,455.0,,,,,,,,,,,,,,,,,,,,,,,22.09000015258789,,,,,,,,,,,,,,,,,,,,,,,,13.229999542236328,,,,,,,,21.51568031311035,,,,,,,,,
40.310001373291016,,,,431.0,,,,,,,,,,,,,,,,,,,,,,,22.3700008392334,,,,,,,,,,,,,,,,,,,,,,,,13.119999885559082,,,,,,,,21.8090763092041,,,,,,,,,
41.0,,,,433.0,,,,,,,,,,,,,,,,,,,,,,,23.040000915527344,,,,,,,,,,,,,,,,,,,,,,,,13.5600004196167,,,,,,,,21.8090763092041,,,,,,,,,
40.5099983215332,,,,426.0,,,,,,,,,,,,,,,,,,,,,,,22.600000381469727,,,,,,,,,,,,,,,,,,,,,,,,13.649999618530273,,,,,,,,21.613479614257812,,,,,,,,,
40.810001373291016,,,,428.0,,,,,,,,,,,,,,,,,,,,,,,22.899999618530273,,,,,,,,,,,,,,,,,,,,,,,,13.970000267028809,,,,,,,,22.787063598632812,,,,,,,,,
40.5,,,,425.0,,,,,,,,,,,,,,,,,,,,,,,22.729999542236328,,,,,,,,,,,,,,,,,,,,,,,,14.930000305175781,,,,,,,,22.200271606445312,,,,,,,,,
40.5,,,,425.0,,,,,,,,,,,,,,,,,,,,,,,22.729999542236328,,,,,,,,,,,,,,,,,,,,,,,,14.930000305175781,,,,,,,,22.200271606445312,,,,,,,,,
40.689998626708984,,,,438.0,,,,,,,,,,,,,,,,,,,,,,,22.309999465942383,,,,,,,,,,,,,,,,,,,,,,,,16.0,,,,,,,,22.68926429748535,,,,,,,,,
40.79999923706055,,,,432.0,,,,,,,,,,,,,,,,,,,,,,,22.670000076293945,,,,,,,,,,,,,,,,,,,,,,,,16.200000762939453,,,,,,,,22.9826602935791,,,,,,,,,
40.869998931884766,,,,438.0,,,,,,,,,,,,,,,,,,,,,,,22.56999969482422,,,,,,,,,,,,,,,,,,,,,,,,16.799999237060547,,,,,,,,23.47165298461914,,,,,,,,,
40.869998931884766,,,,438.0,,,,,,,,,,,,,,,,,,,,,,,22.56999969482422,,,,,,,,,,,,,,,,,,,,,,,,16.799999237060547,,,,,,,,23.47165298461914,,,,,,,,,
42.599998474121094,,,,476.0,,,,,,,,,,,,,,,,,,,,,,,24.200000762939453,,,,,,,,,,,,,,,,,,,,,,,,17.600000381469727,,,,,,,,25.036428451538086,,,,,,,,,
42.09000015258789,,,,490.0,,,,,,,,,,,,,,,,,,,,,,,24.06999969482422,,,,,,,,,,,,,,,,,,,,,,,,16.8700008392334,,,,,,,,25.525421142578125,,,,,,,,,
41.36000061035156,,,,497.0,,,,,,,,,,,,,,,,,,,,,,,23.5,,,,,,,,,,,,,,,,,,,,,,,,15.989999771118164,,,,,,,,24.938631057739258,,,,,,,,,
40.349998474121094,,,,505.0,,,,,,,,,,,,,,,,,,,,,,,23.440000534057617,,,,,,,,,,,,,,,,,,,,,,,,15.479999542236328,,,,,,,,25.232027053833008,,,,,,,,,
40.099998474121094,,,,483.0,,,,,,,,,,,,,,,,,,,,,,,23.829999923706055,,,,,,,,,,,,,,,,,,,,,,,,14.800000190734863,,,,,,,,24.54743766784668,,,,,,,,,
40.29999923706055,,,,482.0,,,,,,,,,,,,,,,,,,,,,,,24.09000015258789,,,,,,,,,,,,,,,,,,,,,,,,14.600000381469727,,,,,,,,24.645235061645508,,,,,,,,,
40.56999969482422,,,,499.0,,,,,,,,,,,,,,,,,,,,,,,24.139999389648438,,,,,,,,,,,,,,,,,,,,,,,,14.640000343322754,,,,,,,,24.44963836669922,,,,,,,,,
39.529998779296875,,,,517.0,,,,,,,,,,,,,,,,,,,,,,,24.68000030517578,,,,,,,,,,,,,,,,,,,,,,,,14.800000190734863,,,,,,,,24.54743766784668,,,,,,,,,
39.75,,,,535.0,,,,,,,,,,,,,,,,,,,,,,,25.1200008392334,,,,,,,,,,,,,,,,,,,,,,,,14.600000381469727,,,,,,,,24.840831756591797,,,,,,,,,
39.650001525878906,,,,520.0,,,,,,,,,,,,,,,,,,,,,,,25.0,,,,,,,,,,,,,,,,,,,,,,,,14.470000267028809,,,,,,,,25.134227752685547,,,,,,,,,
39.68000030517578,,,,520.0,,,,,,,,,,,,,,,,,,,,,,,25.0,,,,,,,,,,,,,,,,,,,,,,,,14.350000381469727,,,,,,,,24.058443069458008,,,,,,,,,
39.75,,,,499.0,,,,,,,,,,,,,,,,,,,,,,,25.850000381469727,,,,,,,,,,,,,,,,,,,,,,,,14.6899995803833,,,,,,,,24.645235061645508,,,,,,,,,
39.20000076293945,,,,495.0,,,,,,,,,,,,,,,,,,,,,,,25.780000686645508,,,,,,,,,,,,,,,,,,,,,,,,14.609999656677246,,,,,,,,24.25404167175293,,,,,,,,,
39.68000030517578,,,,477.0,,,,,,,,,,,,,,,,,,,,,,,26.0,,,,,,,,,,,,,,,,,,,,,,,,15.260000228881836,,,,,,,,23.66724967956543,,,,,,,,,
39.5,,,,497.0,,,,,,,,,,,,,,,,,,,,,,,26.329999923706055,,,,,,,,,,,,,,,,,,,,,,,,14.710000038146973,,,,,,,,24.840831756591797,,,,,,,,,
38.630001068115234,,,,482.0,,,,,,,,,,,,,,,,,,,,,,,26.200000762939453,,,,,,,,,,,,,,,,,,,,,,,,14.149999618530273,,,,,,,,23.86284637451172,,,,,,,,,
38.630001068115234,,,,482.0,,,,,,,,,,,,,,,,,,,,,,,26.200000762939453,,,,,,,,,,,,,,,,,,,,,,,,14.149999618530273,,,,,,,,23.86284637451172,,,,,,,,,
37.689998626708984,,,,467.0,,,,,,,,,,,,,,,,,,,,,,,24.649999618530273,,,,,,,,,,,,,,,,,,,,,,,,13.569999694824219,,,,,,,,23.47165298461914,,,,,,,,,
38.130001068115234,,,,474.0,,,,,,,,,,,,,,,,,,,,,,,24.399999618530273,,,,,,,,,,,,,,,,,,,,,,,,13.670000076293945,,,,,,,,23.08045768737793,,,,,,,,,
37.290000915527344,,,,437.0,,,,,,,,,,,,,,,,,,,,,,,24.649999618530273,,,,,,,,,,,,,,,,,,,,,,,,13.369999885559082,,,,,,,,22.004674911499023,,,,,,,,,
38.70000076293945,,,,410.0,,,,,,,,,,,,,,,,,,,,,,,24.399999618530273,,,,,,,,,,,,,,,,,,,,,,,,13.649999618530273,,,,,,,,21.8090763092041,,,,,,,,,
39.20000076293945,,,,415.0,,,,,,,,,,,,,,,,,,,,,,,24.559999465942383,,,,,,,,,,,,,,,,,,,,,,,,13.850000381469727,,,,,,,,22.298070907592773,,,,,,,,,
38.75,,,,402.0,,,,,,,,,,,,,,,,,,,,,,,24.549999237060547,,,,,,,,,,,,,,,,,,,,,,,,13.550000190734863,,,,,,,,21.51568031311035,,,,,,,,,
38.099998474121094,,,,377.0,,,,,,,,,,,,,,,,,,,,,,,25.0,,,,,,,,,,,,,,,,,,,,,,,,13.850000381469727,,,,,,,,20.733293533325195,,,,,,,,,
38.5,,,,371.0,,,,,,,,,,,,,,,,,,,,,,,25.170000076293945,,,,,,,,,,,,,,,,,,,,,,,,14.029999732971191,,,,,,,,20.244300842285156,,,,,,,,,
37.459999084472656,,,,378.0,,,,,,,,,,,,,,,,,,,,,,,24.350000381469727,,,,,,,,,,,,,,,,,,,,,,,,13.59000015258789,,,,,,,,19.950904846191406,,,,,,,,,
37.7400016784668,,,,383.0,,,,,,,,,,,,,,,,,,,,,,,23.520000457763672,,,,,,,,,,,,,,,,,,,,,,,,13.449999809265137,,,,,,,,19.755308151245117,,,,,,,,,
37.7400016784668,,,,383.0,,,,,,,,,,,,,,,,,,,,,,,23.520000457763672,,,,,,,,,,,,,,,,,,,,,,,,13.449999809265137,,,,,,,,19.755308151245117,,,,,,,,,
37.7400016784668,,,,383.0,,,,,,,,,,,,,,,,,,,,,,,23.520000457763672,,,,,,,,,,,,,,,,,,,,,,,,13.449999809265137,,,,,,,,19.755308151245117,,,,,,,,,
37.40999984741211,,,,377.0,,,,,,,,,,,,,,,,,,,,,,,23.1299991607666,,,,,,,,,,,,,,,,,,,,,,,,13.329999923706055,,,,,,,,18.679523468017578,,,,,,,,,
36.75,,,,370.0,,,,,,,,,,,,,,,,,,,,,,,22.479999542236328,,,,,,,,,,,,,,,,,,,,,,,,13.989999771118164,,,,,,,,19.950904846191406,,,,,,,,,
36.470001220703125,,,,346.0,,,,,,,,,,,,,,,,,,,,,,,22.899999618530273,,,,,,,,,,,,,,,,,,,,,,,,13.600000381469727,,,,,,,,19.657508850097656,,,,,,,,,
36.09000015258789,,,,315.0,,,,,,,,,,,,,,,,,,,,,,,22.299999237060547,,,,,,,,,,,,,,,,,,,,,,,,13.149999618530273,,,,,,,,18.875120162963867,,,,,,,,,
34.79999923706055,,,,322.0,,,,,,,,,,,,,,,,,,,,,,,21.649999618530273,,,,,,,,,,,,,,,,,,,,,,,,12.609999656677246,,,,,,,,18.288328170776367,,,,,,,,,
34.81999969482422,,,,360.0,,,,,,,,,,,,,,,,,,,,,,,21.479999542236328,,,,,,,,,,,,,,,,,,,,,,,,12.430000305175781,,,,,,,,18.972919464111328,,,,,,,,,
34.099998474121094,,,,359.0,,,,,,,,,,,,,,,,,,,,,,,22.34000015258789,,,,,,,,,,,,,,,,,,,,,,,,12.399999618530273,,,,,,,,19.657508850097656,,,,,,,,,
34.279998779296875,,,,327.0,,,,,,,,,,,,,,,,,,,,,,,22.1299991607666,,,,,,,,,,,,,,,,,,,,,,,,12.40999984741211,,,,,,,,19.266315460205078,,,,,,,,,
35.150001525878906,,,,340.0,,,,,,,,,,,,,,,,,,,,,,,22.149999618530273,,,,,,,,,,,,,,,,,,,,,,,,12.649999618530273,,,,,,,,19.559709548950195,,,,,,,,,
35.45000076293945,,,,329.0,,,,,,,,,,,,,,,,,,,,,,,22.81999969482422,,,,,,,,,,,,,,,,,,,,,,,,11.899999618530273,,,,,,,,19.461912155151367,,,,,,,,,
36.54999923706055,,,,315.0,,,,,,,,,,,,,,,,,,,,,,,22.43000030517578,,,,,,,,,,,,,,,,,,,,,,,,11.949999809265137,,,,,,,,19.559709548950195,,,,,,,,,
35.25,,,,304.0,,,,,,,,,,,,,,,,,,,,,,,22.260000228881836,,,,,,,,,,,,,,,,,,,,,,,,11.399999618530273,,,,,,,,19.168516159057617,,,,,,,,,
34.04999923706055,,,,290.0,,,,,,,,,,,,,,,,,,,,,,,22.389999389648438,,,,,,,,,,,,,,,,,,,,,,,,11.199999809265137,,,,,,,,21.222286224365234,,,,,,,,,
33.810001373291016,,,,278.0,,,,,,,,,,,,,,,,,,,,,,,22.149999618530273,,,,,,,,,,,,,,,,,,,,,,,,10.979999542236328,,,,,,,,19.950904846191406,,,,,,,,,
35.83000183105469,,,,292.0,,,,,,,,,,,,,,,,,,,,,,,22.700000762939453,,,,,,,,,,,,,,,,,,,,,,,,11.149999618530273,,,,,,,,21.613479614257812,,,,,,,,,
35.54999923706055,,,,340.0,,,,,,,,,,,,,,,,,,,,,,,22.6200008392334,,,,,,,,,,,,,,,,,,,,,,,,12.229999542236328,,,,,,,,23.86284637451172,,,,,,,,,
34.720001220703125,,,,311.0,,,,,,,,,,,,,,,,,,,,,,,22.299999237060547,,,,,,,,,,,,,,,,,,,,,,,,12.0,,,,,,,,23.765047073364258,,,,,,,,,
35.220001220703125,,,,265.0,,,,,,,,,,,,,,,,,,,,,,,22.200000762939453,,,,,,,,,,,,,,,,,,,,,,,,12.050000190734863,,,,,,,,23.86284637451172,,,,,,,,,
34.650001525878906,,,,261.0,,,,,,,,,,,,,,,,,,,,,,,22.25,,,,,,,,,,,,,,,,,,,,,,,,12.229999542236328,,,,,,,,25.134227752685547,,,,,,,,,
33.36000061035156,,,,236.0,,,,,,,,,,,,,,,,,,,,,,,22.06999969482422,,,,,,,,,,,,,,,,,,,,,,,,12.300000190734863,,,,,,,,23.66724967956543,,,,,,,,,
33.630001068115234,,,,237.0,,,,,,,,,,,,,,,,,,,,,,,22.149999618530273,,,,,,,,,,,,,,,,,,,,,,,,11.600000381469727,,,,,,,,22.9826602935791,,,,,,,,,
33.59000015258789,,,,249.0,,,,,,,,,,,,,,,,,,,,,,,22.079999923706055,,,,,,,,,,,,,,,,,,,,,,,,11.520000457763672,,,,,,,,23.47165298461914,,,,,,,,,
33.7400016784668,,,,247.0,,,,,,,,,,,,,,,,,,,,,,,22.329999923706055,,,,,,,,,,,,,,,,,,,,,,,,11.149999618530273,,,,,,,,23.17825698852539,,,,,,,,,
32.38999938964844,,,,251.0,,,,,,,,,,,,,,,,,,,,,,,21.850000381469727,,,,,,,,,,,,,,,,,,,,,,,,11.0600004196167,,,,,,,,23.17825698852539,,,,,,,,,
33.04999923706055,,,,262.0,,,,,,,,,,,,,,,,,,,,,,,22.040000915527344,,,,,,,,,,,,,,,,,,,,,,,,10.600000381469727,,,,,,,,21.8090763092041,,,,,,,,,
33.18000030517578,,,,250.0,,,,,,,,,,,,,,,,,,,,,,,21.950000762939453,,,,,,,,,,,,,,,,,,,,,,,,10.350000381469727,,,,,,,,21.124486923217773,,,,,,,,,
33.20000076293945,,,,227.0,,,,,,,,,,,,,,,,,,,,,,,22.079999923706055,,,,,,,,,,,,,,,,,,,,,,,,10.4399995803833,,,,,,,,18.77732276916504,,,,,,,,,
32.63999938964844,,,,232.0,,,,,,,,,,,,,,,,,,,,,,,22.190000534057617,,,,,,,,,,,,,,,,,,,,,,,,10.420000076293945,,,,,,,,19.755308151245117,,,,,,,,,
32.9900016784668,,,,230.0,,,,,,,,,,,,,,,,,,,,,,,22.5,,,,,,,,,,,,,,,,,,,,,,,,10.270000457763672,,,,,,,,21.124486923217773,,,,,,,,,
33.630001068115234,,,,239.0,,,,,,,,,,,,,,,,,,,,,,,23.549999237060547,,,,,,,,,,,,,,,,,,,,,,,,10.050000190734863,,,,,,,,21.417882919311523,,,,,,,,,
33.630001068115234,,,,231.0,,,,,,,,,,,,,,,,,,,,,,,24.399999618530273,,,,,,,,,,,,,,,,,,,,,,,,10.050000190734863,,,,,,,,21.417882919311523,,,,,,,,,
32.380001068115234,,,,232.0,,,,,,,,,,,,,,,,,,,,,,,23.90999984741211,,,,,,,,,,,,,,,,,,,,,,,,9.890000343322754,,,,,,,,20.928890228271484,,,,,,,,,
31.799999237060547,,,,223.0,,,,,,,,,,,,,,,,,,,,,,,23.09000015258789,,,,,,,,,,,,,,,,,,,,,,,,9.520000457763672,,,,,,,,19.950904846191406,,,,,,,,,
33.70000076293945,,,,222.0,,,,,,,,,,,,,,,,,,,,,,,24.100000381469727,,,,,,,,,,,,,,,,,,,,,,,,9.579999923706055,,,,,,,,20.537696838378906,,,,,,,,,
